DATE,age,bmr,body_fat,e_caffeine,e_calcium,e_calories,e_carbs,e_cholesterol,e_count,e_fat,e_fiber,e_iron,e_monounsaturated_fat,e_num_drinks,e_num_foods,e_num_mealitems_green,e_num_mealitems_red,e_num_mealitems_with_score,e_num_mealitems_yellow,e_num_water,e_polyunsaturated_fat,e_potassium,e_protein,e_sat_fat,e_sodium,e_sugar,e_trans_fat,e_unsat_fat,e_vitamin_a,e_vitamin_c,gender,goal_body_weight,goal_body_weight_intent,height,m_active_time,m_calories,m_distance,m_inactive_time,m_lcat,m_lcit,m_steps,m_total_calories,m_workout_count,m_workout_time,n_asleep_time,n_awake,n_awake_time,n_awakenings,n_bedtime,n_clinical_deep,n_count,n_deep,n_duration,n_light,n_quality,n_rem,s_asleep_time,s_awake,s_awake_time,s_awakenings,s_bedtime,s_clinical_deep,s_count,s_deep,s_duration,s_light,s_quality,s_rem,weight
20150101,23.024657534246575,1974.078697260274,15.9,,,,,,,,,,,,,,,,,,,,,,,,,,,,0,80.0,1,1.87,2285.0,228.5929480467576,3819.0,29700.0,163.0,13080.0,4399.0,2202.6716453070317,0.0,0.0,,,,,,,,,,,,,17699.0,3787.0,41400.0,1.0,14931.0,0.0,1.0,9840.0,22859.0,13019.0,63.0,0.0,82.0
20150102,23.027397260273972,1974.060190410959,15.9,,,,,,,,,,,,,,,,,,,,,,,,,,,,0,80.0,1,1.87,2629.0,274.35231016058077,4372.0,28680.0,344.0,10680.0,5072.0,2248.4125005715396,0.0,0.0,,,,,,,,,,,,,7440.0,665.0,42900.0,1.0,7050.0,0.0,1.0,15322.0,35473.0,20151.0,100.0,0.0,82.0
20150103,23.03013698630137,1974.041683561644,15.9,,,,,,,,,,,,,,,,,,,,,,,,,,,,0,80.0,1,1.87,3717.0,390.0733489160128,6297.0,28740.0,509.0,11760.0,7220.0,2364.1150324776568,0.0,0.0,,,,,,,,,,,,,9118.0,703.0,39900.0,0.0,8445.0,0.0,1.0,12779.0,30841.0,18062.0,85.0,0.0,82.0
20150104,23.03287671232877,1974.023176712329,15.9,,,,,,,,,,,,,,,,,,,,,,,,,,,,0,80.0,1,1.87,6695.0,662.6643572650956,10858.0,25080.0,1159.0,12900.0,12641.0,2636.6875339774247,0.0,0.0,,,,,,,,,,,,,7317.0,1669.0,41400.0,1.0,6551.0,0.0,1.0,18275.0,33335.0,15060.0,100.0,0.0,82.0
20150105,23.035616438356165,1974.004669863014,15.9,,,,,,,,,,,,,,,,,,,,,,,,,,,,0,80.0,1,1.87,12726.0,1428.5856026424601,17297.0,24360.0,2166.0,5760.0,20215.0,3402.590272505474,2.0,3600.0,,,,,,,,,,,,,2759.0,1039.0,24900.0,1.0,2119.0,0.0,1.0,6867.0,21746.0,14879.0,55.0,0.0,82.0
20150106,23.03835616438356,1973.9861630136988,15.9,,,,,,,,,,,,,,,,,,,,,,,,,,,,0,80.0,1,1.87,5994.0,545.910633169352,9456.0,26940.0,1178.0,4380.0,11206.0,2519.896796183051,0.0,0.0,,,,,,,,,,,,,778.0,1563.0,23400.0,0.0,-79.0,0.0,1.0,8644.0,22756.0,14112.0,59.0,0.0,82.0
20150107,23.041095890410958,1973.9676561643837,15.9,,,,,,,,,,,,,,,,,,,,,,,,,,,,0,80.0,1,1.87,4389.0,429.66165472163703,7160.0,26880.0,916.0,9360.0,8400.0,2403.629310886021,0.0,0.0,6599.0,2741.0,39000.0,1.0,5289.0,0.0,2.0,16200.0,32199.0,15999.0,95.0,0.0,,,,,,,,,,,,,82.0
20150108,23.043835616438358,1973.9491493150686,15.9,,,,,,,,,,,,,,,,,,,,,,,,,,,,0,80.0,1,1.87,6017.0,610.8953669834215,9932.0,26040.0,819.0,3000.0,11535.0,2584.84451629849,0.0,0.0,,,,,,,,,,,,,839.0,1717.0,26400.0,3.0,564.0,0.0,1.0,9798.0,24282.0,14484.0,66.0,0.0,82.0
20150109,23.046575342465754,1973.9306424657536,15.9,,,,,,,,,,,,,,,,,,,,,,,,,,,,0,80.0,1,1.87,4059.0,400.3169498283727,6595.0,25980.0,671.0,7680.0,7715.0,2374.247592294126,0.0,0.0,,,,,,,,,,,,,6300.0,0.0,34800.0,0.0,6300.0,0.0,1.0,0.0,28500.0,0.0,0.0,0.0,82.0
20150110,23.04931506849315,1973.9121356164385,15.9,,,,,,,,,,,,,,,,,,,,,,,,,,,,0,80.0,1,1.87,1784.0,214.04946958987222,3206.0,28800.0,202.0,8760.0,3589.0,2187.9616052063107,0.0,0.0,,,,,,,,,,,,,5400.0,466.0,35400.0,0.0,5013.0,0.0,1.0,11581.0,29967.0,18386.0,81.0,0.0,82.0
20150111,23.052054794520547,1973.8936287671233,15.9,,,,,,,,,,,,,,,,,,,,,,,,,,,,0,80.0,1,1.87,6970.0,726.4500080455304,7769.0,22080.0,1080.0,3360.0,9193.0,2700.3436368126536,1.0,2700.0,,,,,,,,,,,,,720.0,3259.0,32100.0,4.0,-273.0,0.0,1.0,15178.0,29234.0,14056.0,85.0,0.0,82.0
20150112,23.054794520547944,1973.8751219178084,15.9,,,,,,,,,,,,,,,,,,,,,,,,,,,,0,80.0,1,1.87,7541.0,752.5524980815915,12412.0,24060.0,1223.0,4560.0,14461.0,2726.4276199994,0.0,0.0,,,,,,,,,,,,,899.0,2492.0,32400.0,0.0,-824.0,0.0,1.0,14959.0,31535.0,16576.0,93.0,0.0,82.0
20150113,23.057534246575344,1973.8566150684933,15.9,,,,,,,,,,,,,,,,,,,,,,,,,,,,0,80.0,1,1.87,8425.0,844.8449866128032,13847.0,24900.0,1323.0,4680.0,16166.0,2818.7016016812963,0.0,0.0,,,,,,,,,,,,,599.0,2917.0,33300.0,1.0,-1560.0,0.0,1.0,12181.0,32179.0,19998.0,88.0,0.0,82.0
20150114,23.06027397260274,1973.8381082191781,15.9,,,,,,,,,,,,,,,,,,,,,,,,,,,,0,80.0,1,1.87,3258.0,290.6248161505,5169.0,25740.0,524.0,3060.0,6138.0,2264.462924369678,0.0,0.0,,,,,,,,,,,,,3299.0,1897.0,25800.0,2.0,2582.0,0.0,1.0,8243.0,22032.0,13789.0,57.0,0.0,82.0
20150115,23.063013698630137,1973.8196013698632,15.9,,,,,,,,,,,,,,,,,,,,,,,,,,,,0,80.0,1,1.87,65.0,6.151479303781999,105.0,0.0,32.0,0.0,124.0,1979.9710806736452,0.0,0.0,,,,,,,,,,,,,-3242.0,4059.0,27900.0,4.0,-4815.0,0.0,1.0,17036.0,28841.0,11805.0,90.0,0.0,82.0
20150116,23.065753424657533,1973.801094520548,15.9,,,,,,,,,,,,,,,,,,,,,,,,,,,,0,80.0,1,1.87,1620.0,130.98784883007062,2342.0,31440.0,905.0,27780.0,2894.0,2104.788943350619,0.0,0.0,,,,,,,,,,,,,,,,,,,,,,,,,82.0
20150117,23.068493150684933,1973.7825876712332,15.9,,,,,,,,,,,,,,,,,,,,,,,,,,,,0,80.0,1,1.87,6.0,0.7473090291023254,11.0,20340.0,6.0,20340.0,13.0,1974.5298967003355,0.0,0.0,,,,,,,,,,,,,,,,,,,,,,,,,82.0
20150118,23.07123287671233,1973.764080821918,15.9,,,,,,,,,,,,,,,,,,,,,,,,,,,,0,80.0,1,1.87,348.0,29.55313724254208,520.0,32400.0,200.0,32400.0,638.0,2003.3172180644601,0.0,0.0,,,,,,,,,,,,,,,,,,,,,,,,,82.0
20150119,23.073972602739726,1973.7455739726029,15.9,,,,,,,,,,,,,,,,,,,,,,,,,,,,0,80.0,1,1.87,462.0,39.26365309934729,692.0,8460.0,246.0,4740.0,846.0,2013.0092270719501,0.0,0.0,,,,,,,,,,,,,,,,,,,,,,,,,82.0
20150120,23.076712328767123,1973.7270671232877,15.9,,,,,,,,,,,,,,,,,,,,,,,,,,,,0,80.0,1,1.87,,,,,,,,1973.7270671232877,,,,,,,,,,,,,,,,,,,,,,,,,,,82.0
20150121,23.07945205479452,1973.7085602739728,15.9,,,,,,,,,,,,,,,,,,,,,,,,,,,,0,80.0,1,1.87,,,,,,,,1973.7085602739728,,,,,,,,,,,,,,,,,,,,,,,,,,,82.0
20150122,23.08219178082192,1973.6900534246577,15.9,,,,,,,,,,,,,,,,,,,,,,,,,,,,0,80.0,1,1.87,,,,,,,,1973.6900534246577,,,,,,,,,,,,,,,,,,,,,,,,,,,82.0
20150123,23.084931506849315,1973.6715465753427,15.9,,,,,,,,,,,,,,,,,,,,,,,,,,,,0,80.0,1,1.87,,,,,,,,1973.6715465753427,,,,,,,,,,,,,,,,,,,,,,,,,,,82.0
20150124,23.087671232876712,1973.6530397260276,15.9,,,,,,,,,,,,,,,,,,,,,,,,,,,,0,80.0,1,1.87,,,,,,,,1973.6530397260276,,,,,,,,,,,,,,,,,,,,,,,,,,,82.0
20150125,23.09041095890411,1973.6345328767125,15.9,,,,,,,,,,,,,,,,,,,,,,,,,,,,0,80.0,1,1.87,487.0,46.42242687936893,803.0,32400.0,314.0,32400.0,940.0,2020.0569597560814,0.0,0.0,,,,,,,,,,,,,,,,,,,,,,,,,82.0
20150126,23.09315068493151,1973.6160260273973,15.9,,,,,,,,,,,,,,,,,,,,,,,,,,,,0,80.0,1,1.87,9681.0,1008.855663268169,13129.0,23400.0,1922.0,5400.0,15628.0,2982.471689295566,2.0,1800.0,,,,,,,,,,,,,3299.0,1471.0,24000.0,1.0,2537.0,0.0,1.0,8880.0,20157.0,11277.0,55.0,0.0,82.0
20150127,23.095890410958905,1973.5975191780824,15.9,,,,,,,,,,,,,,,,,,,,,,,,,,,,0,80.0,1,1.87,4008.0,355.55226395926644,6179.0,27480.0,960.0,6960.0,7426.0,2329.149783137349,0.0,0.0,,,,,,,,,,,,,2579.0,1025.0,35700.0,1.0,1886.0,0.0,1.0,15618.0,32906.0,17288.0,95.0,0.0,82.0
20150128,23.0986301369863,1973.5790123287672,15.9,,,,,,,,,,,,,,,,,,,,,,,,,,,,0,80.0,1,1.87,4561.0,506.0081223544,7908.0,27360.0,1054.0,6900.0,9058.0,2479.5871346831673,0.0,0.0,,,,,,,,,,,,,2640.0,2193.0,35100.0,1.0,1759.0,0.0,1.0,14296.0,31225.0,16929.0,90.0,0.0,82.0
20150129,23.101369863013698,1973.560505479452,15.9,,,,,,,,,,,,,,,,,,,,,,,,,,,,0,80.0,1,1.87,2118.0,195.79593897994278,3140.0,30960.0,272.0,11580.0,3826.0,2169.356444459395,0.0,0.0,,,,,,,,,,,,,-2040.0,1952.0,21600.0,1.0,-3014.0,0.0,1.0,5925.0,23133.0,17208.0,55.0,0.0,82.0
20150130,23.104109589041094,1973.5419986301372,15.9,,,,,,,,,,,,,,,,,,,,,,,,,,,,0,80.0,1,1.87,4901.0,488.71909403963883,8007.0,25020.0,878.0,8340.0,9354.0,2462.261092669776,0.0,0.0,193378.0,3050.0,194100.0,0.0,190872.0,0.0,3.0,1218.0,2089.0,871.0,6.0,0.0,10858.0,1548.0,36300.0,2.0,10475.0,0.0,1.0,13668.0,24585.0,10917.0,72.0,0.0,82.0
20150131,23.106849315068494,1973.523491780822,15.9,,,,,,,,,,,,,,,,,,,,,,,,,,,,0,80.0,1,1.87,1077.0,106.53932315126387,1768.0,21120.0,240.0,9420.0,2063.0,2080.062814932086,0.0,0.0,,,,,,,,,,,,,17339.0,1969.0,37200.0,2.0,16658.0,0.0,1.0,3060.0,18772.0,15712.0,42.0,0.0,82.0
20150201,23.10958904109589,1973.504984931507,15.9,,,,,,,,,,,,,,,,,,,,,,,,,,,,0,80.0,1,1.87,116.0,12.192441701915584,194.0,32400.0,75.0,32400.0,226.0,1985.6974266334225,0.0,0.0,,,,,,,,,,,,,,,,,,,,,,,,,82.0
20150202,23.112328767123287,1973.486478082192,15.9,,,,,,,,,,,,,,,,,,,,,,,,,,,,0,80.0,1,1.87,3687.0,366.2995426641946,6009.0,26400.0,695.0,4380.0,7039.0,2339.7860207463864,0.0,0.0,,,,,,,,,,,,,6479.0,701.0,28200.0,0.0,5788.0,0.0,1.0,10382.0,21891.0,11509.0,62.0,0.0,82.0
20150203,23.115068493150684,1973.4679712328768,15.9,,,,,,,,,,,,,,,,,,,,,,,,,,,,0,80.0,1,1.87,4304.0,375.43742347615586,6537.0,27180.0,517.0,6360.0,7902.0,2348.905394709033,0.0,0.0,,,,,,,,,,,,,-1562.0,2392.0,26400.0,2.0,-2589.0,0.0,1.0,10337.0,26675.0,16338.0,72.0,0.0,82.0
20150204,23.117808219178084,1973.449464383562,15.9,,,,,,,,,,,,,,,,,,,,,,,,,,,,0,80.0,1,1.87,4421.0,430.987217731016,7213.0,27420.0,866.0,7680.0,8438.0,2404.4366821145777,0.0,0.0,6236.0,3491.0,29400.0,4.0,4825.0,0.0,2.0,11550.0,22803.0,11253.0,63.0,0.0,,,,,,,,,,,,,82.0
20150205,23.12054794520548,1973.4309575342468,15.9,,,,,,,,,,,,,,,,,,,,,,,,,,,,0,80.0,1,1.87,3782.0,369.09416231422506,6038.0,28740.0,527.0,8640.0,7116.0,2342.525119848472,0.0,0.0,,,,,,,,,,,,,4920.0,1069.0,36900.0,0.0,3854.0,0.0,1.0,19380.0,32049.0,12669.0,100.0,0.0,82.0
20150206,23.123287671232877,1973.4124506849316,15.9,,,,,,,,,,,,,,,,,,,,,,,,,,,,0,80.0,1,1.87,4111.0,383.03569050777077,6467.0,26580.0,499.0,4440.0,7700.0,2356.448141192702,0.0,0.0,,,,,,,,,,,,,5578.0,1703.0,29100.0,2.0,4464.0,0.0,1.0,11076.0,23097.0,12021.0,64.0,0.0,82.0
20150207,23.126027397260273,1973.3939438356165,15.9,,,,,,,,,,,,,,,,,,,,,,,,,,,,0,80.0,1,1.87,2016.0,211.70706246849016,3383.0,27540.0,530.0,8040.0,3905.0,2185.1010063041067,0.0,0.0,,,,,,,,,,,,,8939.0,1345.0,36900.0,0.0,7828.0,0.0,1.0,12603.0,27907.0,15304.0,79.0,0.0,82.0
20150208,23.12876712328767,1973.3754369863016,15.9,,,,,,,,,,,,,,,,,,,,,,,,,,,,0,80.0,1,1.87,3135.0,309.0853589470554,5040.0,31260.0,428.0,8220.0,5924.0,2282.460795933357,0.0,0.0,106799.0,1153.0,109800.0,0.0,105860.0,0.0,2.0,1597.0,3191.0,1594.0,7.0,0.0,17100.0,597.0,36600.0,0.0,16505.0,0.0,1.0,8578.0,19723.0,11145.0,55.0,0.0,82.0
20150209,23.13150684931507,1973.3569301369864,15.9,,,,,,,,,,,,,,,,,,,,,,,,,,,,0,80.0,1,1.87,3855.0,401.0601887382563,6448.0,27900.0,823.0,6120.0,7408.0,2374.4171188752425,0.0,0.0,,,,,,,,,,,,,3058.0,2609.0,30300.0,1.0,2010.0,0.0,1.0,10800.0,25801.0,15001.0,70.0,0.0,82.0
20150210,23.134246575342466,1973.3384232876715,15.9,,,,,,,,,,,,,,,,,,,,,,,,,,,,0,80.0,1,1.87,7754.0,833.1136668782984,10800.0,24660.0,1170.0,8340.0,12845.0,2806.45209016597,1.0,1800.0,66478.0,1172.0,69300.0,1.0,65743.0,0.0,1.0,2223.0,2391.0,168.0,8.0,0.0,3000.0,1677.0,29700.0,0.0,2282.0,0.0,1.0,10375.0,26718.0,16343.0,72.0,0.0,82.0
20150211,23.136986301369863,1973.3199164383564,15.9,,,,,,,,,,,,,,,,,,,,,,,,,,,,0,80.0,1,1.87,5207.0,562.4186195745773,8898.0,25260.0,1731.0,8820.0,10081.0,2535.7385360129338,0.0,0.0,,,,,,,,,,,,,5517.0,1102.0,37200.0,1.0,5135.0,0.0,1.0,12062.0,31218.0,19156.0,84.0,0.0,82.0
20150212,23.13972602739726,1973.3014095890412,15.9,,,,,,,,,,,,,,,,,,,,,,,,,,,,0,80.0,1,1.87,4185.0,419.98530436599697,6849.0,27420.0,461.0,8880.0,8012.0,2393.286713955038,0.0,0.0,,,,,,,,,,,,,6660.0,2289.0,37500.0,3.0,5382.0,0.0,1.0,11857.0,30069.0,18212.0,81.0,0.0,82.0
20150213,23.14246575342466,1973.282902739726,15.9,,,,,,,,,,,,,,,,,,,,,,,,,,,,0,80.0,1,1.87,10417.0,1327.41927510928,9918.0,24480.0,825.0,6540.0,11727.0,3300.702177849006,1.0,4500.0,58859.0,484.0,59400.0,0.0,58604.0,0.0,1.0,0.0,540.0,540.0,1.0,0.0,8520.0,1386.0,26100.0,1.0,7845.0,0.0,1.0,5521.0,17044.0,11523.0,42.0,0.0,82.0
20150214,23.145205479452056,1973.2643958904112,15.9,,,,,,,,,,,,,,,,,,,,,,,,,,,,0,80.0,1,1.87,9597.0,1132.11414646578,17154.0,20820.0,4796.0,6360.0,19102.0,3105.3785423561912,0.0,0.0,,,,,,,,,,,,,3057.0,2669.0,34800.0,2.0,2350.0,0.0,1.0,11121.0,30201.0,19080.0,82.0,0.0,82.0
20150215,23.147945205479452,1973.245889041096,15.9,,,,,,,,,,,,,,,,,,,,,,,,,,,,0,80.0,1,1.87,7749.0,701.6632297140679,11614.0,21360.0,2292.0,3060.0,14076.0,2674.909118755164,0.0,0.0,,,,,,,,,,,,,-1680.0,2523.0,31800.0,3.0,-2365.0,0.0,1.0,15070.0,31700.0,16630.0,91.0,0.0,82.0
20150216,23.15068493150685,1973.227382191781,15.9,,,,,,,,,,,,,,,,,,,,,,,,,,,,0,80.0,1,1.87,7211.0,810.601849718722,9689.0,24300.0,1284.0,7680.0,11368.0,2783.829231910503,1.0,1800.0,,,,,,,,,,,,,5998.0,1252.0,25800.0,1.0,5030.0,0.0,1.0,5961.0,19677.0,13716.0,49.0,0.0,82.0
20150217,23.153424657534245,1973.208875342466,15.9,,,,,,,,,,,,,,,,,,,,,,,,,,,,0,80.0,1,1.87,7092.0,829.5718950154572,12625.0,22980.0,2258.0,4860.0,14086.0,2802.7807703579233,0.0,0.0,,,,,,,,,,,,,2279.0,2397.0,33600.0,4.0,1524.0,0.0,1.0,8989.0,29799.0,20810.0,72.0,0.0,82.0
20150218,23.156164383561645,1973.1903684931508,15.9,,,,,,,,,,,,,,,,,,,,,,,,,,,,0,80.0,1,1.87,3121.0,312.80946741904165,5189.0,29040.0,481.0,5940.0,6029.0,2285.9998359121923,0.0,0.0,,,,,,,,,,,,,7677.0,2663.0,33000.0,0.0,6338.0,0.0,1.0,8897.0,25518.0,16621.0,66.0,0.0,82.0
20150219,23.15890410958904,1973.1718616438357,15.9,,,,,,,,,,,,,,,,,,,,,,,,,,,,0,80.0,1,1.87,5148.0,506.88832475928757,8323.0,27420.0,537.0,6780.0,9776.0,2480.060186403123,0.0,0.0,,,,,,,,,,,,,1437.0,899.0,30300.0,1.0,827.0,0.0,1.0,11116.0,28717.0,17601.0,77.0,0.0,82.0
20150220,23.161643835616438,1973.1533547945207,15.9,,,,,,,,,,,,,,,,,,,,,,,,,,,,0,80.0,1,1.87,4423.0,401.67987024222407,6757.0,25080.0,581.0,6660.0,8133.0,2374.833225036745,0.0,0.0,,,,,,,,,,,,,5217.0,2151.0,26400.0,1.0,4351.0,0.0,1.0,7357.0,20438.0,13081.0,52.0,0.0,82.0
20150221,23.164383561643834,1973.1348479452056,15.9,,,,,,,,,,,,,,,,,,,,,,,,,,,,0,80.0,1,1.87,4932.0,529.5539566124625,8379.0,27120.0,982.0,4920.0,9598.0,2502.688804557668,0.0,0.0,70380.0,714.0,71700.0,0.0,69701.0,0.0,1.0,1080.0,1299.0,219.0,4.0,0.0,7139.0,1151.0,33300.0,0.0,6211.0,0.0,1.0,9003.0,26345.0,17342.0,67.0,0.0,82.0
20150222,23.167123287671235,1973.1163410958907,15.9,,,,,,,,,,,,,,,,,,,,,,,,,,,,0,80.0,1,1.87,6500.0,656.3731647266702,10604.0,20520.0,844.0,6660.0,12400.0,2629.489505822561,0.0,0.0,,,,,,,,,,,,,13859.0,1919.0,28800.0,0.0,12769.0,0.0,1.0,8351.0,14952.0,6601.0,45.0,0.0,82.0
20150223,23.16986301369863,1973.0978342465755,15.9,,,,,,,,,,,,,,,,,,,,,,,,,,,,0,80.0,1,1.87,3268.0,311.00881716492523,5219.0,27420.0,652.0,5220.0,6177.0,2284.106651411501,0.0,0.0,68580.0,730.0,71100.0,1.0,68177.0,0.0,1.0,141.0,2433.0,2292.0,4.0,0.0,1978.0,2137.0,33000.0,2.0,1303.0,0.0,1.0,13628.0,29562.0,15934.0,82.0,0.0,82.0
20150224,23.172602739726027,1973.0793273972604,15.9,,,,,,,,,,,,,,,,,,,,,,,,,,,,0,80.0,1,1.87,5320.0,554.9463314115002,8922.0,21960.0,675.0,5160.0,10308.0,2528.0256588087605,0.0,0.0,,,,,,,,,,,,,8158.0,1794.0,38400.0,1.0,7478.0,0.0,1.0,9841.0,29146.0,19305.0,76.0,0.0,82.0
20150225,23.175342465753424,1973.0608205479452,15.9,,,,,,,,,,,,,,,,,,,,,,,,,,,,0,80.0,1,1.87,5824.0,622.532367603067,9827.0,28440.0,1121.0,7140.0,11334.0,2595.5931881510123,0.0,0.0,,,,,,,,,,,,,6780.0,2492.0,35700.0,2.0,6067.0,0.0,1.0,10380.0,27206.0,16826.0,71.0,0.0,82.0
20150226,23.17808219178082,1973.0423136986303,15.9,,,,,,,,,,,,,,,,,,,,,,,,,,,,0,80.0,1,1.87,4102.0,382.3089426507677,6549.0,29100.0,770.0,11100.0,7750.0,2355.3512563493978,0.0,0.0,,,,,,,,,,,,,5459.0,1649.0,39600.0,3.0,5157.0,0.0,1.0,11882.0,32811.0,20929.0,88.0,0.0,82.0
20150227,23.18082191780822,1973.0238068493152,15.9,,,,,,,,,,,,,,,,,,,,,,,,,,,,0,80.0,1,1.87,6683.0,611.3710495755261,10210.0,24600.0,794.0,6840.0,12285.0,2584.3948564248412,0.0,0.0,,,,,,,,,,,,,2159.0,2631.0,28200.0,3.0,1773.0,0.0,1.0,8008.0,24027.0,16019.0,61.0,0.0,82.0
20150228,23.183561643835617,1973.0053000000003,15.9,,,,,,,,,,,,,,,,,,,,,,,,,,,,0,80.0,1,1.87,8793.0,969.01036781364,15177.0,17100.0,2836.0,5460.0,17199.0,2942.01566781364,0.0,0.0,69596.0,2339.0,91200.0,1.0,68561.0,0.0,2.0,11728.0,21388.0,9660.0,61.0,0.0,32699.0,281.0,33900.0,0.0,32420.0,0.0,1.0,0.0,1441.0,1441.0,2.0,0.0,82.0
20150301,23.186301369863013,1972.9867931506851,15.9,,,,,,,,,,,,,,,,,,,,,,,,,,,,0,80.0,1,1.87,8806.0,999.0773597105174,15393.0,17940.0,2015.0,5220.0,17381.0,2972.0641528612023,0.0,0.0,,,,,,,,,,,,,4979.0,2393.0,33300.0,3.0,4566.0,0.0,1.0,5655.0,26572.0,20917.0,60.0,0.0,82.0
20150302,23.18904109589041,1972.96828630137,15.9,,,,,,,,,,,,,,,,,,,,,,,,,,,,0,80.0,1,1.87,6386.0,639.9786585940975,10426.0,24960.0,1181.0,3660.0,12174.0,2612.9469448954674,0.0,0.0,72300.0,680.0,75300.0,1.0,72025.0,0.0,1.0,138.0,2876.0,2738.0,4.0,0.0,1858.0,1700.0,22800.0,2.0,1137.0,0.0,1.0,10663.0,20234.0,9571.0,56.0,0.0,82.0
20150303,23.19178082191781,1972.9497794520548,15.9,,,,,,,,,,,,,,,,,,,,,,,,,,,,0,80.0,1,1.87,4611.0,457.5108698161583,7517.0,27960.0,1719.0,8280.0,8827.0,2430.4606492682133,0.0,0.0,,,,,,,,,,,,,5999.0,1496.0,36900.0,1.0,5217.0,0.0,1.0,12302.0,30283.0,17981.0,83.0,0.0,82.0
20150304,23.194520547945206,1972.93127260274,15.9,,,,,,,,,,,,,,,,,,,,,,,,,,,,0,80.0,1,1.87,3105.0,299.22559716532703,5087.0,26820.0,346.0,7440.0,5930.0,2272.156869768067,0.0,0.0,,,,,,,,,,,,,6180.0,2633.0,35700.0,1.0,4036.0,0.0,1.0,17459.0,29257.0,11798.0,91.0,0.0,82.0
20150305,23.197260273972603,1972.9127657534248,15.9,,,,,,,,,,,,,,,,,,,,,,,,,,,,0,80.0,1,1.87,5181.0,505.1511700230972,8368.0,27360.0,748.0,6420.0,9822.0,2478.063935776522,0.0,0.0,,,,,,,,,,,,,9060.0,1284.0,29700.0,1.0,8079.0,0.0,1.0,7084.0,20577.0,13493.0,53.0,0.0,82.0
20150306,23.2,1972.8942589041098,15.9,,,,,,,,,,,,,,,,,,,,,,,,,,,,0,80.0,1,1.87,8987.0,946.7509475985214,15147.0,25560.0,2786.0,9240.0,17465.0,2919.6452065026315,0.0,0.0,57717.0,1645.0,59100.0,0.0,57004.0,0.0,1.0,1353.0,1353.0,0.0,4.0,0.0,3118.0,2728.0,29100.0,6.0,2403.0,0.0,1.0,8400.0,24070.0,15670.0,58.0,0.0,82.0
20150307,23.202739726027396,1972.8757520547947,15.9,,,,,,,,,,,,,,,,,,,,,,,,,,,,0,80.0,1,1.87,4879.0,456.8687509650388,7793.0,26760.0,1414.0,6840.0,9212.0,2429.7445030198337,0.0,0.0,62819.0,463.0,65400.0,0.0,62358.0,0.0,1.0,1980.0,2716.0,736.0,8.0,0.0,9718.0,1525.0,26100.0,3.0,9229.0,0.0,1.0,10097.0,15623.0,5526.0,47.0,0.0,82.0
20150308,23.205479452054796,1972.8572452054796,15.9,,,,,,,,,,,,,,,,,,,,,,,,,,,,0,80.0,1,1.87,2549.0,240.48168831867017,4058.0,29940.0,567.0,20100.0,4812.0,2213.3389335241495,0.0,0.0,38999.0,984.0,39900.0,0.0,38316.0,0.0,1.0,780.0,840.0,60.0,3.0,0.0,9778.0,1396.0,34200.0,2.0,9361.0,0.0,1.0,9062.0,23471.0,14409.0,62.0,0.0,82.0
20150309,23.208219178082192,1972.8387383561646,15.9,,,,,,,,,,,,,,,,,,,,,,,,,,,,0,80.0,1,1.87,4190.0,395.12815445649073,6700.0,26280.0,613.0,4920.0,7907.0,2367.9668928126553,0.0,0.0,,,,,,,,,,,,,2339.0,1092.0,29400.0,1.0,1953.0,0.0,1.0,13679.0,26558.0,12879.0,77.0,0.0,82.0
20150310,23.21095890410959,1972.8202315068495,15.9,,,,,,,,,,,,,,,,,,,,,,,,,,,,0,80.0,1,1.87,4545.0,439.36845968662067,7357.0,28320.0,719.0,12480.0,8652.0,2412.1886911934703,0.0,0.0,,,,,,,,,,,,,9359.0,721.0,25800.0,0.0,8640.0,0.0,1.0,6778.0,16705.0,9927.0,45.0,0.0,82.0
20150311,23.213698630136985,1972.8017246575344,15.9,,,,,,,,,,,,,,,,,,,,,,,,,,,,0,80.0,1,1.87,3839.0,361.3275244842962,6120.0,24120.0,1045.0,3780.0,7231.0,2334.1292491418308,0.0,0.0,62879.0,716.0,64200.0,0.0,62163.0,0.0,1.0,1338.0,1398.0,60.0,4.0,0.0,899.0,1782.0,29100.0,2.0,104.0,0.0,1.0,11600.0,27507.0,15907.0,74.0,0.0,82.0
20150312,23.216438356164385,1972.7832178082194,15.9,,,,,,,,,,,,,,,,,,,,,,,,,,,,0,80.0,1,1.87,5157.0,487.6311712542281,8157.0,27480.0,881.0,8220.0,9662.0,2460.4143890624473,0.0,0.0,,,,,,,,,,,,,5700.0,1338.0,36000.0,0.0,4364.0,0.0,1.0,10131.0,30532.0,20401.0,79.0,0.0,82.0
20150313,23.21917808219178,1972.7647109589043,15.9,,,,,,,,,,,,,,,,,,,,,,,,,,,,0,80.0,1,1.87,7394.0,766.1710802264046,12158.0,20160.0,2661.0,4140.0,14112.0,2738.935791185309,0.0,0.0,,,,,,,,,,,,,7078.0,2128.0,29400.0,2.0,6237.0,0.0,1.0,8531.0,21070.0,12539.0,57.0,0.0,82.0
20150314,23.221917808219178,1972.7462041095891,15.9,,,,,,,,,,,,,,,,,,,,,,,,,,,,0,80.0,1,1.87,8413.0,984.8871853986847,14978.0,19680.0,3787.0,7320.0,16778.0,2957.633389508274,0.0,0.0,,,,,,,,,,,,,11039.0,680.0,32100.0,0.0,10363.0,0.0,1.0,7571.0,21074.0,13503.0,55.0,0.0,82.0
20150315,23.224657534246575,1972.727697260274,15.9,,,,,,,,,,,,,,,,,,,,,,,,,,,,0,80.0,1,1.87,3229.0,330.0224910376032,5441.0,28380.0,1209.0,5280.0,6298.0,2302.7501882978772,0.0,0.0,,,,,,,,,,,,,5278.0,1203.0,33900.0,3.0,4854.0,0.0,1.0,9959.0,28083.0,18124.0,72.0,0.0,82.0
20150316,23.22739726027397,1972.709190410959,15.9,,,,,,,,,,,,,,,,,,,,,,,,,,,,0,80.0,1,1.87,4117.0,366.6758987115853,6283.0,26280.0,1033.0,5700.0,7583.0,2339.3850891225443,0.0,0.0,,,,,,,,,,,,,1199.0,1182.0,25800.0,1.0,304.0,0.0,1.0,7576.0,24419.0,16843.0,62.0,0.0,82.0
20150317,23.23013698630137,1972.690683561644,15.9,,,,,,,,,,,,,,,,,,,,,,,,,,,,0,80.0,1,1.87,2955.0,276.9890545461754,4673.0,27000.0,456.0,9060.0,5550.0,2249.6797381078195,0.0,0.0,63240.0,418.0,64500.0,0.0,62826.0,0.0,1.0,1333.0,1333.0,0.0,4.0,0.0,6058.0,612.0,37200.0,0.0,5448.0,0.0,1.0,11579.0,31263.0,19684.0,84.0,0.0,82.0
20150318,23.232876712328768,1972.672176712329,15.9,,,,,,,,,,,,,,,,,,,,,,,,,,,,0,80.0,1,1.87,6606.0,565.5492004372865,9755.0,22440.0,713.0,6420.0,11916.0,2538.2213771496154,0.0,0.0,,,,,,,,,,,,,57.0,2557.0,27000.0,2.0,-775.0,0.0,1.0,8176.0,25787.0,17611.0,64.0,0.0,82.0
20150319,23.235616438356164,1972.6536698630139,15.9,,,,,,,,,,,,,,,,,,,,,,,,,,,,0,80.0,1,1.87,5145.0,527.5266941509918,8560.0,28320.0,1056.0,10680.0,9934.0,2500.1803640140056,0.0,0.0,,,,,,,,,,,,,3598.0,763.0,35400.0,0.0,2837.0,0.0,1.0,13080.0,31896.0,18816.0,89.0,0.0,82.0
20150320,23.23835616438356,1972.6351630136987,15.9,,,,,,,,,,,,,,,,,,,,,,,,,,,,0,80.0,1,1.87,4388.0,431.72342822727427,7115.0,26100.0,2400.0,8520.0,8351.0,2404.358591240973,0.0,0.0,,,,,,,,,,,,,8220.0,2272.0,37800.0,1.0,7526.0,0.0,1.0,14701.0,28920.0,14219.0,83.0,0.0,82.0
20150321,23.24109589041096,1972.6166561643838,15.9,,,,,,,,,,,,,,,,,,,,,,,,,,,,0,80.0,1,1.87,5240.0,568.8032532396458,8886.0,28860.0,1238.0,4620.0,10198.0,2541.4199094040296,0.0,0.0,,,,,,,,,,,,,8580.0,991.0,29400.0,0.0,8004.0,0.0,1.0,6178.0,20904.0,14726.0,51.0,0.0,82.0
20150322,23.243835616438357,1972.5981493150687,15.9,,,,,,,,,,,,,,,,,,,,,,,,,,,,0,80.0,1,1.87,3851.0,444.28571727892097,6781.0,31620.0,2914.0,11400.0,7629.0,2416.8838665939898,0.0,0.0,,,,,,,,,,,,,5880.0,720.0,39300.0,0.0,5162.0,0.0,1.0,16137.0,33712.0,17575.0,98.0,0.0,82.0
20150323,23.246575342465754,1972.5796424657535,15.9,,,,,,,,,,,,,,,,,,,,,,,,,,,,0,80.0,1,1.87,4966.0,468.1617637735371,7889.0,25500.0,1050.0,4740.0,9363.0,2440.7414062392904,0.0,0.0,,,,,,,,,,,,,6720.0,1405.0,27600.0,1.0,6009.0,0.0,1.0,8700.0,20318.0,11618.0,55.0,0.0,82.0
20150324,23.24931506849315,1972.5611356164386,15.9,,,,,,,,,,,,,,,,,,,,,,,,,,,,0,80.0,1,1.87,6970.0,734.394977166273,11805.0,27180.0,2143.0,4680.0,13548.0,2706.9561127827114,0.0,0.0,,,,,,,,,,,,,4199.0,1932.0,37800.0,2.0,3339.0,0.0,1.0,10103.0,32824.0,22721.0,84.0,0.0,82.0
20150325,23.252054794520546,1972.5426287671235,15.9,,,,,,,,,,,,,,,,,,,,,,,,,,,,0,80.0,1,1.87,6347.0,774.8325565024047,6793.0,25680.0,1627.0,12420.0,8127.0,2747.375185269528,1.0,3600.0,,,,,,,,,,,,,12480.0,712.0,39600.0,0.0,12181.0,0.0,1.0,10918.0,26714.0,15796.0,73.0,0.0,82.0
20150326,23.254794520547946,1972.5241219178083,15.9,,,,,,,,,,,,,,,,,,,,,,,,,,,,0,80.0,1,1.87,8144.0,922.4182411885495,14208.0,21300.0,3262.0,14100.0,16052.0,2894.942363106358,0.0,0.0,,,,,,,,,,,,,11280.0,783.0,41400.0,1.0,10914.0,0.0,1.0,12358.0,29787.0,17429.0,80.0,0.0,82.0
20150327,23.257534246575343,1972.5056150684934,15.9,,,,,,,,,,,,,,,,,,,,,,,,,,,,0,80.0,1,1.87,6615.0,591.769151421694,10267.0,21780.0,673.0,2940.0,12294.0,2564.274766490187,0.0,0.0,,,,,,,,,,,,,3299.0,2036.0,25200.0,1.0,2286.0,0.0,1.0,6856.0,21720.0,14864.0,55.0,0.0,82.0
20150328,23.26027397260274,1972.4871082191783,15.9,,,,,,,,,,,,,,,,,,,,,,,,,,,,0,80.0,1,1.87,4535.0,396.65535677168003,6916.0,27060.0,953.0,6780.0,8352.0,2369.142464990858,0.0,0.0,,,,,,,,,,,,,6600.0,1079.0,35100.0,0.0,5523.0,0.0,1.0,13679.0,28756.0,15077.0,82.0,0.0,82.0
20150329,23.263013698630136,1972.468601369863,15.9,,,,,,,,,,,,,,,,,,,,,,,,,,,,0,80.0,1,1.87,10716.0,1382.5494042021683,5778.0,27720.0,642.0,16200.0,6745.0,3355.018005572031,1.0,7200.0,77698.0,1240.0,96300.0,0.0,76570.0,0.0,2.0,8925.0,18706.0,9781.0,52.0,0.0,2340.0,903.0,7200.0,0.0,1676.0,0.0,1.0,2450.0,4851.0,2401.0,13.0,0.0,82.0
20150330,23.265753424657536,1972.4500945205482,15.9,,,,,,,,,,,,,,,,,,,,,,,,,,,,0,80.0,1,1.87,6822.0,666.801708883085,11056.0,26580.0,892.0,5640.0,12944.0,2639.251803403633,0.0,0.0,,,,,,,,,,,,,9179.0,1657.0,28800.0,1.0,8166.0,0.0,1.0,7870.0,19543.0,11673.0,52.0,0.0,82.0
20150331,23.268493150684932,1972.431587671233,15.9,,,,,,,,,,,,,,,,,,,,,,,,,,,,0,80.0,1,1.87,4979.0,451.04969695227004,7675.0,27360.0,867.0,6840.0,9219.0,2423.481284623503,0.0,0.0,,,,,,,,,,,,,6240.0,1397.0,27000.0,0.0,5473.0,0.0,1.0,8293.0,20772.0,12479.0,55.0,0.0,82.0
20150401,23.27123287671233,1972.413080821918,15.9,,,,,,,,,,,,,,,,,,,,,,,,,,,,0,80.0,1,1.87,7702.0,810.5489123759339,9318.0,29220.0,1626.0,8040.0,10961.0,2782.961993197852,1.0,2700.0,5578.0,2742.0,33300.0,0.0,4150.0,0.0,2.0,9945.0,28100.0,18155.0,71.0,0.0,,,,,,,,,,,,,82.0
20150402,23.273972602739725,1972.394573972603,15.9,,,,,,,,,,,,,,,,,,,,,,,,,,,,0,80.0,1,1.87,7338.0,695.9098101493802,11519.0,22920.0,1215.0,3480.0,13702.0,2668.3043841219833,0.0,0.0,53100.0,1014.0,54900.0,0.0,52382.0,0.0,1.0,604.0,1744.0,1140.0,4.0,0.0,7019.0,1860.0,28800.0,0.0,5447.0,0.0,1.0,8280.0,21790.0,13510.0,57.0,0.0,82.0
20150403,23.276712328767122,1972.3760671232878,15.9,,,,,,,,,,,,,,,,,,,,,,,,,,,,0,80.0,1,1.87,3730.0,367.04841597438997,6051.0,31560.0,905.0,19920.0,7113.0,2339.4244830976777,0.0,0.0,57899.0,303.0,59100.0,0.0,57635.0,0.0,1.0,134.0,1335.0,1201.0,2.0,0.0,16020.0,1350.0,48600.0,1.0,15081.0,0.0,1.0,17317.0,32207.0,14890.0,97.0,0.0,82.0
20150404,23.279452054794522,1972.3575602739727,15.9,,,,,,,,,,,,,,,,,,,,,,,,,,,,0,80.0,1,1.87,3887.0,387.5430439046447,6323.0,26340.0,671.0,11700.0,7421.0,2359.9006041786174,0.0,0.0,,,,,,,,,,,,,9959.0,686.0,40200.0,1.0,9576.0,0.0,1.0,14854.0,30214.0,15360.0,86.0,0.0,82.0
20150405,23.28219178082192,1972.3390534246578,15.9,,,,,,,,,,,,,,,,,,,,,,,,,,,,0,80.0,1,1.87,1013.0,110.06347274104796,1722.0,30900.0,193.0,7440.0,1986.0,2082.4025261657057,0.0,0.0,62220.0,417.0,61860.0,0.0,61832.0,0.0,1.0,151.0,151.0,0.0,0.0,0.0,8637.0,912.0,34200.0,0.0,8386.0,0.0,1.0,10496.0,25682.0,15186.0,69.0,0.0,82.0
20150406,23.284931506849315,1972.3205465753426,15.9,,,,,,,,,,,,,,,,,,,,,,,,,,,,0,80.0,1,1.87,1751.0,174.89736796870898,2877.0,29640.0,359.0,7620.0,3362.0,2147.2179145440514,0.0,0.0,,,,,,,,,,,,,4620.0,721.0,36300.0,0.0,3901.0,0.0,1.0,17883.0,31812.0,13929.0,97.0,0.0,82.0
20150407,23.28767123287671,1972.3020397260275,15.9,,,,,,,,,,,,,,,,,,,,,,,,,,,,0,80.0,1,1.87,4906.0,432.27401140544407,7413.0,27720.0,801.0,9600.0,8984.0,2404.5760511314716,0.0,0.0,,,,,,,,,,,,,5460.0,3453.0,29100.0,2.0,2971.0,0.0,1.0,12225.0,22956.0,10731.0,65.0,0.0,82.0
20150408,23.29041095890411,1972.2835328767126,15.9,,,,,,,,,,,,,,,,,,,,,,,,,,,,0,80.0,1,1.87,3616.0,355.482875570062,5766.0,28200.0,496.0,7320.0,6846.0,2327.7664084467747,0.0,0.0,,,,,,,,,,,,,838.0,971.0,35700.0,1.0,160.0,0.0,1.0,15729.0,34848.0,19119.0,100.0,0.0,82.0
20150409,23.293150684931508,1972.2650260273974,15.9,,,,,,,,,,,,,,,,,,,,,,,,,,,,0,80.0,1,1.87,6962.0,931.6309963177009,5297.0,28620.0,427.0,7200.0,6326.0,2903.8960223450986,1.0,3600.0,,,,,,,,,,,,,4140.0,4507.0,29100.0,3.0,1179.0,0.0,1.0,8885.0,23704.0,14819.0,60.0,0.0,82.0
20150410,23.295890410958904,1972.2465191780823,15.9,,,,,,,,,,,,,,,,,,,,,,,,,,,,0,80.0,1,1.87,8387.0,822.4904992872952,13522.0,22500.0,3276.0,3720.0,15900.0,2794.7370184653773,0.0,0.0,,,,,,,,,,,,,8699.0,2043.0,29700.0,2.0,7664.0,0.0,1.0,9497.0,20103.0,10606.0,56.0,0.0,82.0
20150411,23.2986301369863,1972.2280123287674,15.9,,,,,,,,,,,,,,,,,,,,,,,,,,,,0,80.0,1,1.87,10750.0,1280.038466629749,19448.0,23400.0,3504.0,4740.0,21664.0,3252.2664789585165,0.0,0.0,,,,,,,,,,,,,2040.0,1762.0,31500.0,2.0,1328.0,0.0,1.0,14109.0,28546.0,14437.0,82.0,0.0,82.0
20150412,23.301369863013697,1972.2095054794522,15.9,,,,,,,,,,,,,,,,,,,,,,,,,,,,0,80.0,1,1.87,5717.0,580.6692353107761,9470.0,25680.0,589.0,3900.0,10980.0,2552.878740790228,0.0,0.0,98817.0,798.0,99660.0,0.0,98055.0,0.0,2.0,1352.0,1587.0,235.0,4.0,0.0,7557.0,1145.0,27000.0,1.0,6763.0,0.0,1.0,6195.0,19351.0,13156.0,49.0,0.0,82.0
20150413,23.304109589041097,1972.190998630137,15.9,,,,,,,,,,,,,,,,,,,,,,,,,,,,0,80.0,1,1.87,4451.0,412.8832825566676,7015.0,27480.0,830.0,7980.0,8333.0,2385.074281186805,0.0,0.0,,,,,,,,,,,,,4019.0,2251.0,25200.0,2.0,3346.0,0.0,1.0,6604.0,20285.0,13681.0,49.0,0.0,82.0
20150414,23.306849315068494,1972.1724917808222,15.9,,,,,,,,,,,,,,,,,,,,,,,,,,,,0,80.0,1,1.87,6334.0,515.2383605760529,8865.0,24120.0,1112.0,4980.0,11094.0,2487.410852356875,0.0,0.0,,,,,,,,,,,,,4018.0,1132.0,26100.0,0.0,3585.0,0.0,1.0,11781.0,22103.0,10322.0,64.0,0.0,82.0
20150415,23.30958904109589,1972.153984931507,15.9,,,,,,,,,,,,,,,,,,,,,,,,,,,,0,80.0,1,1.87,3269.0,272.1150527447273,4707.0,27780.0,576.0,5580.0,5837.0,2244.2690376762343,0.0,0.0,142679.0,958.0,145200.0,1.0,142020.0,0.0,2.0,1325.0,2592.0,1267.0,6.0,0.0,4199.0,991.0,29700.0,0.0,3919.0,0.0,1.0,10638.0,25639.0,15001.0,69.0,0.0,82.0
20150416,23.312328767123287,1972.1354780821919,15.9,,,,,,,,,,,,,,,,,,,,,,,,,,,,0,80.0,1,1.87,3211.0,304.5220375547382,5010.0,29400.0,520.0,8160.0,5957.0,2276.65751563693,0.0,0.0,,,,,,,,,,,,,959.0,1222.0,28800.0,0.0,234.0,0.0,1.0,14477.0,27857.0,13380.0,81.0,0.0,82.0
20150417,23.315068493150687,1972.116971232877,15.9,,,,,,,,,,,,,,,,,,,,,,,,,,,,0,80.0,1,1.87,5756.0,524.0882199932462,8891.0,24900.0,1673.0,8460.0,10681.0,2496.205191226123,0.0,0.0,125279.0,1011.0,126300.0,0.0,124274.0,0.0,2.0,421.0,1094.0,673.0,2.0,0.0,4918.0,2794.0,28200.0,2.0,4243.0,0.0,1.0,11341.0,22021.0,10680.0,64.0,0.0,82.0
20150418,23.317808219178083,1972.0984643835618,15.9,,,,,,,,,,,,,,,,,,,,,,,,,,,,0,80.0,1,1.87,4112.0,422.39958643268415,6750.0,25620.0,609.0,4140.0,7856.0,2394.498050816246,0.0,0.0,,,,,,,,,,,,,2338.0,1713.0,32400.0,2.0,1640.0,0.0,1.0,12966.0,29257.0,16291.0,82.0,0.0,82.0
20150419,23.32054794520548,1972.0799575342467,15.9,,,,,,,,,,,,,,,,,,,,,,,,,,,,0,80.0,1,1.87,3163.0,325.00853169776275,5215.0,27300.0,401.0,10020.0,6059.0,2297.0884892320096,0.0,0.0,,,,,,,,,,,,,11399.0,932.0,38700.0,1.0,10729.0,0.0,1.0,11680.0,27187.0,15507.0,73.0,0.0,82.0
20150420,23.323287671232876,1972.0614506849317,15.9,,,,,,,,,,,,,,,,,,,,,,,,,,,,0,80.0,1,1.87,3804.0,340.9195467699487,5801.0,29520.0,361.0,4800.0,6973.0,2312.9809974548803,0.0,0.0,,,,,,,,,,,,,-900.0,992.0,23700.0,1.0,-1601.0,0.0,1.0,11951.0,24452.0,12501.0,70.0,0.0,82.0
20150421,23.326027397260273,1972.0429438356166,15.9,,,,,,,,,,,,,,,,,,,,,,,,,,,,0,80.0,1,1.87,4756.0,459.0887117900621,7664.0,25020.0,804.0,7860.0,8996.0,2431.131655625679,0.0,0.0,,,,,,,,,,,,,4199.0,2173.0,35100.0,2.0,3277.0,0.0,1.0,12539.0,29803.0,17264.0,83.0,0.0,82.0
20150422,23.328767123287673,1972.0244369863015,15.9,,,,,,,,,,,,,,,,,,,,,,,,,,,,0,80.0,1,1.87,8564.0,930.5175232124418,9636.0,21300.0,1112.0,8280.0,11380.0,2902.5419601987433,1.0,3600.0,,,,,,,,,,,,,4138.0,4186.0,35400.0,4.0,3194.0,0.0,1.0,10691.0,28209.0,17518.0,73.0,0.0,82.0
20150423,23.33150684931507,1972.0059301369865,15.9,,,,,,,,,,,,,,,,,,,,,,,,,,,,0,80.0,1,1.87,5142.0,467.34282690361954,7975.0,27120.0,567.0,4860.0,9523.0,2439.348757040606,0.0,0.0,,,,,,,,,,,,,2938.0,2804.0,28500.0,4.0,2265.0,0.0,1.0,10023.0,23581.0,13558.0,65.0,0.0,82.0
20150424,23.334246575342465,1971.9874232876714,15.9,,,,,,,,,,,,,,,,,,,,,,,,,,,,0,80.0,1,1.87,3496.0,338.62718954662995,5531.0,26100.0,985.0,9540.0,6546.0,2310.614612834301,0.0,0.0,54480.0,1472.0,54240.0,0.0,54201.0,0.0,1.0,0.0,179.0,179.0,0.0,0.0,6898.0,1007.0,27900.0,1.0,6188.0,0.0,1.0,8365.0,20900.0,12535.0,56.0,0.0,82.0
20150425,23.336986301369862,1971.9689164383562,15.9,,,,,,,,,,,,,,,,,,,,,,,,,,,,0,80.0,1,1.87,6669.0,700.4278520949151,11230.0,30480.0,2371.0,7140.0,12900.0,2672.3967685332714,0.0,0.0,,,,,,,,,,,,,7258.0,1300.0,37800.0,0.0,6356.0,0.0,1.0,10439.0,30400.0,19961.0,81.0,0.0,82.0
20150426,23.339726027397262,1971.9504095890413,15.9,,,,,,,,,,,,,,,,,,,,,,,,,,,,0,80.0,1,1.87,3788.0,382.29334834344115,6154.0,28800.0,339.0,18060.0,7208.0,2354.2437579324824,0.0,0.0,,,,,,,,,,,,,3900.0,2917.0,27300.0,2.0,3202.0,0.0,1.0,11052.0,21851.0,10799.0,63.0,0.0,82.0
20150427,23.34246575342466,1971.9319027397262,15.9,,,,,,,,,,,,,,,,,,,,,,,,,,,,0,80.0,1,1.87,9461.0,860.06284569899,14438.0,21900.0,2083.0,4380.0,17348.0,2831.994748438716,0.0,0.0,,,,,,,,,,,,,8520.0,8679.0,36600.0,4.0,8258.0,0.0,1.0,6487.0,20346.0,13859.0,50.0,0.0,82.0
20150428,23.345205479452055,1971.913395890411,15.9,,,,,,,,,,,,,,,,,,,,,,,,,,,,0,80.0,1,1.87,2383.0,199.09188342075456,3516.0,30420.0,558.0,11220.0,4297.0,2171.0052793111654,0.0,0.0,,,,,,,,,,,,,-2403.0,1223.0,37500.0,0.0,-3620.0,0.0,1.0,15907.0,39968.0,24061.0,100.0,0.0,82.0
20150429,23.34794520547945,1971.8948890410961,15.9,,,,,,,,,,,,,,,,,,,,,,,,,,,,0,80.0,1,1.87,5180.0,474.27626526472545,8077.0,27180.0,754.0,9240.0,9676.0,2446.171154305822,0.0,0.0,,,,,,,,,,,,,4319.0,1311.0,32400.0,0.0,3601.0,0.0,1.0,14281.0,28148.0,13867.0,81.0,0.0,82.0
20150430,23.350684931506848,1971.876382191781,15.9,,,,,,,,,,,,,,,,,,,,,,,,,,,,0,80.0,1,1.87,5033.0,473.9226818682503,8034.0,27720.0,759.0,7500.0,9483.0,2445.7990640600315,0.0,0.0,,,,,,,,,,,,,5400.0,1843.0,28500.0,1.0,4493.0,0.0,1.0,9843.0,22931.0,13088.0,62.0,0.0,82.0
20150501,23.353424657534248,1971.8578753424658,15.9,,,,,,,,,,,,,,,,,,,,,,,,,,,,0,80.0,1,1.87,11480.0,1253.248291400028,19620.0,14220.0,3085.0,2580.0,22445.0,3225.1061667424938,0.0,0.0,,,,,,,,,,,,,3239.0,2249.0,30600.0,1.0,2538.0,0.0,1.0,13155.0,26963.0,13808.0,77.0,0.0,82.0
20150502,23.356164383561644,1971.839368493151,15.9,,,,,,,,,,,,,,,,,,,,,,,,,,,,0,80.0,1,1.87,3491.0,334.5432804529489,5592.0,26940.0,559.0,8880.0,6583.0,2306.3826489461,0.0,0.0,,,,,,,,,,,,,7438.0,8107.0,30000.0,1.0,714.0,0.0,1.0,9540.0,21839.0,12299.0,59.0,0.0,82.0
20150503,23.35890410958904,1971.8208616438358,15.9,,,,,,,,,,,,,,,,,,,,,,,,,,,,0,80.0,1,1.87,1777.0,174.68292617771,2875.0,32220.0,301.0,25320.0,3358.0,2146.5037878215458,0.0,0.0,,,,,,,,,,,,,,,,,,,,,,,,,82.0
20150504,23.361643835616437,1971.8023547945206,15.9,,,,,,,,,,,,,,,,,,,,,,,,,,,,0,80.0,1,1.87,4537.0,435.4070427228002,7261.0,26160.0,874.0,9420.0,8559.0,2407.2093975173207,0.0,0.0,123418.0,1308.0,125100.0,0.0,122299.0,0.0,2.0,1561.0,1622.0,61.0,5.0,0.0,117.0,1119.0,27600.0,0.0,-546.0,0.0,1.0,10681.0,27429.0,16748.0,73.0,0.0,82.0
20150505,23.364383561643837,1971.7838479452057,15.9,,,,,,,,,,,,,,,,,,,,,,,,,,,,0,80.0,1,1.87,10703.0,938.0771217820491,15619.0,20460.0,3215.0,3840.0,19101.0,2909.860969727255,0.0,0.0,,,,,,,,,,,,,3419.0,2241.0,31200.0,2.0,2371.0,0.0,1.0,9015.0,27079.0,18064.0,67.0,0.0,82.0
20150506,23.367123287671234,1971.7653410958906,15.9,,,,,,,,,,,,,,,,,,,,,,,,,,,,0,80.0,1,1.87,7751.0,763.180725991085,12471.0,27000.0,1731.0,6540.0,14642.0,2734.9460670869757,0.0,0.0,,,,,,,,,,,,,5280.0,2189.0,33000.0,1.0,4603.0,0.0,1.0,11756.0,27321.0,15565.0,74.0,0.0,82.0
20150507,23.36986301369863,1971.7468342465754,15.9,,,,,,,,,,,,,,,,,,,,,,,,,,,,0,80.0,1,1.87,2742.0,268.500942581106,4442.0,28500.0,741.0,10200.0,5215.0,2240.2477768276813,0.0,0.0,,,,,,,,,,,,,5280.0,1572.0,33300.0,0.0,4261.0,0.0,1.0,11280.0,28135.0,16855.0,76.0,0.0,82.0
20150508,23.372602739726027,1971.7283273972605,15.9,,,,,,,,,,,,,,,,,,,,,,,,,,,,0,80.0,1,1.87,9369.0,889.0860472035256,11636.0,21780.0,2086.0,4200.0,13692.0,2860.8143746007863,1.0,3600.0,,,,,,,,,,,,,7079.0,1293.0,29700.0,1.0,6082.0,0.0,1.0,8878.0,22466.0,13588.0,60.0,0.0,82.0
20150509,23.375342465753423,1971.7098205479454,15.9,,,,,,,,,,,,,,,,,,,,,,,,,,,,0,80.0,1,1.87,5122.0,528.3774514935279,8532.0,25560.0,2063.0,6840.0,9915.0,2500.087272041473,0.0,0.0,118677.0,1139.0,123000.0,1.0,118000.0,0.0,2.0,2165.0,4085.0,1920.0,10.0,0.0,779.0,8296.0,31800.0,4.0,-3563.0,0.0,1.0,12526.0,27127.0,14601.0,78.0,0.0,82.0
20150510,23.378082191780823,1971.6913136986302,15.9,,,,,,,,,,,,,,,,,,,,,,,,,,,,0,80.0,1,1.87,4168.0,430.32256189085547,6858.0,28920.0,729.0,22080.0,7991.0,2402.013875589486,0.0,0.0,,,,,,,,,,,,,,,,,,,,,,,,,82.0
20150511,23.38082191780822,1971.6728068493153,15.9,0.0,160.0,1827.0,211.98,503.0,3.0,36.55,31.0000001,17.0,5.929,0.0,7.0,0.0,0.0,5.0,0.0,0.0,3.029,583.0,61.230000000000004,18.0,4073.18,58.84,0.0,55.458,0.0,17.0,0,80.0,1,1.87,9128.0,1057.931163964637,10480.0,25980.0,906.0,6660.0,12382.0,3029.6039708139524,1.0,3600.0,,,,,,,,,,,,,118.0,1553.0,25800.0,2.0,-299.0,0.0,1.0,9322.0,24635.0,15313.0,64.0,0.0,82.0
20150512,23.383561643835616,1971.6543000000001,15.9,,,,,,,,,,,,,,,,,,,,,,,,,,,,0,80.0,1,1.87,5432.0,536.7445171170659,8847.0,27180.0,554.0,7620.0,10358.0,2508.398817117066,0.0,0.0,,,,,,,,,,,,,4319.0,2180.0,34200.0,2.0,3641.0,0.0,1.0,8159.0,28448.0,20289.0,69.0,0.0,82.0
20150513,23.386301369863013,1971.635793150685,15.9,,,,,,,,,,,,,,,,,,,,,,,,,,,,0,80.0,1,1.87,4083.0,374.32977950653003,6254.0,26700.0,810.0,5340.0,7529.0,2345.965572657215,0.0,0.0,114477.0,1083.0,117900.0,1.0,113690.0,0.0,2.0,2108.0,3560.0,1452.0,9.0,0.0,8040.0,1653.0,25800.0,1.0,7344.0,0.0,1.0,7856.0,17324.0,9468.0,48.0,0.0,82.0
20150514,23.389041095890413,1971.61728630137,15.9,,,,,,,,,,,,,,,,,,,,,,,,,,,,0,80.0,1,1.87,2929.0,298.7478725023422,4870.0,28920.0,516.0,3300.0,5669.0,2270.3651588037123,0.0,0.0,,,,,,,,,,,,,1080.0,2430.0,28800.0,1.0,641.0,0.0,1.0,10262.0,27349.0,17087.0,71.0,0.0,82.0
20150515,23.39178082191781,1971.598779452055,15.9,,,,,,,,,,,,,,,,,,,,,,,,,,,,0,80.0,1,1.87,3473.0,300.39933674936714,5278.0,25680.0,791.0,5340.0,6387.0,2271.998116201422,0.0,0.0,,,,,,,,,,,,,2339.0,3152.0,27600.0,3.0,1888.0,0.0,1.0,14290.0,23893.0,9603.0,71.0,0.0,82.0
20150516,23.394520547945206,1971.5802726027398,15.9,,,,,,,,,,,,,,,,,,,,,,,,,,,,0,80.0,1,1.87,4782.0,467.7431292814084,7829.0,23700.0,1043.0,4380.0,9179.0,2439.323401884148,0.0,0.0,,,,,,,,,,,,,2398.0,1758.0,28500.0,1.0,1403.0,0.0,1.0,12562.0,25541.0,12979.0,73.0,0.0,82.0
20150517,23.397260273972602,1971.5617657534249,15.9,,,,,,,,,,,,,,,,,,,,,,,,,,,,0,80.0,1,1.87,9597.0,865.4948131592658,14377.0,22200.0,1475.0,3300.0,17366.0,2837.056578912691,0.0,0.0,,,,,,,,,,,,,2219.0,1678.0,19500.0,2.0,1539.0,0.0,1.0,8460.0,16343.0,7883.0,46.0,0.0,82.0
20150518,23.4,1971.5432589041097,15.9,,,,,,,,,,,,,,,,,,,,,,,,,,,,0,80.0,1,1.87,5635.0,519.8172353494551,8889.0,24660.0,1248.0,5640.0,10603.0,2491.360494253565,0.0,0.0,29819.0,1196.0,30900.0,0.0,28627.0,0.0,1.0,0.0,1329.0,1329.0,1.0,0.0,-2102.0,5506.0,24000.0,1.0,-5105.0,0.0,1.0,9663.0,25390.0,15727.0,68.0,0.0,82.0
20150519,23.4027397260274,1971.5247520547946,15.9,,,,,,,,,,,,,,,,,,,,,,,,,,,,0,80.0,1,1.87,5271.0,530.076669534265,8619.0,27480.0,628.0,4320.0,10058.0,2501.6014215890596,0.0,0.0,5159.0,3365.0,36720.0,3.0,3748.0,0.0,2.0,14238.0,30677.0,16439.0,86.0,0.0,,,,,,,,,,,,,82.0
20150520,23.405479452054795,1971.5062452054797,15.9,,,,,,,,,,,,,,,,,,,,,,,,,,,,0,80.0,1,1.87,2570.0,211.75762277794618,3805.0,28260.0,899.0,3960.0,4649.0,2183.263867983426,0.0,0.0,,,,,,,,,,,,,599.0,1023.0,27600.0,0.0,-71.0,0.0,1.0,9788.0,27008.0,17220.0,71.0,0.0,82.0
20150521,23.40821917808219,1971.4877383561645,15.9,,,,,,,,,,,,,,,,,,,,,,,,,,,,0,80.0,1,1.87,4060.0,395.031903447423,6575.0,28500.0,543.0,6900.0,7727.0,2366.5196418035875,0.0,0.0,,,,,,,,,,,,,-3481.0,1631.0,26700.0,1.0,-4399.0,0.0,1.0,9718.0,29643.0,19925.0,76.0,0.0,82.0
20150522,23.410958904109588,1971.4692315068494,15.9,,,,,,,,,,,,,,,,,,,,,,,,,,,,0,80.0,1,1.87,5451.0,558.6116873054949,8992.0,26580.0,1333.0,4560.0,10484.0,2530.0809188123444,0.0,0.0,51358.0,243.0,52200.0,0.0,51118.0,0.0,1.0,0.0,946.0,946.0,1.0,0.0,1019.0,7850.0,27600.0,5.0,612.0,0.0,1.0,12000.0,21506.0,9506.0,63.0,0.0,82.0
20150523,23.413698630136988,1971.4507246575345,15.9,,,,,,,,,,,,,,,,,,,,,,,,,,,,0,80.0,1,1.87,2802.0,255.50823611065604,4331.0,30600.0,941.0,15540.0,5202.0,2226.9589607681905,0.0,0.0,,,,,,,,,,,,,6420.0,1617.0,20400.0,0.0,5223.0,0.0,1.0,6358.0,14399.0,8041.0,38.0,0.0,82.0
20150524,23.416438356164385,1971.4322178082193,15.9,,,,,,,,,,,,,,,,,,,,,,,,,,,,0,80.0,1,1.87,2311.0,232.12416002020785,3736.0,28980.0,580.0,7260.0,4397.0,2203.5563778284272,0.0,0.0,,,,,,,,,,,,,-6061.0,1072.0,34800.0,0.0,-7131.0,0.0,1.0,17940.0,40973.0,23033.0,100.0,0.0,82.0
20150525,23.41917808219178,1971.4137109589042,15.9,,,,,,,,,,,,,,,,,,,,,,,,,,,,0,80.0,1,1.87,4386.0,411.2409615013365,6980.0,26580.0,802.0,3420.0,8270.0,2382.654672460241,0.0,0.0,,,,,,,,,,,,,1319.0,2880.0,31200.0,1.0,549.0,0.0,1.0,12849.0,27789.0,14940.0,77.0,0.0,82.0
20150526,23.421917808219177,1971.3952041095893,15.9,,,,,,,,,,,,,,,,,,,,,,,,,,,,0,80.0,1,1.87,4810.0,451.65859423578695,7634.0,25860.0,846.0,5940.0,9089.0,2423.053798345376,0.0,0.0,,,,,,,,,,,,,-361.0,997.0,28200.0,0.0,-1069.0,0.0,1.0,7871.0,28856.0,20985.0,70.0,0.0,82.0
20150527,23.424657534246574,1971.376697260274,15.9,,,,,,,,,,,,,,,,,,,,,,,,,,,,0,80.0,1,1.87,2385.0,229.87483859949,3763.0,29520.0,355.0,10680.0,4450.0,2201.2515358597643,0.0,0.0,4920.0,1350.0,30900.0,0.0,3574.0,0.0,2.0,8324.0,26260.0,17936.0,65.0,0.0,,,,,,,,,,,,,82.0
20150528,23.427397260273974,1971.358190410959,15.9,,,,,,,,,,,,,,,,,,,,,,,,,,,,0,80.0,1,1.87,3097.0,298.738478392152,4902.0,28380.0,748.0,5700.0,5818.0,2270.096668803111,0.0,0.0,,,,,,,,,,,,,1199.0,4110.0,26400.0,2.0,337.0,0.0,1.0,10560.0,24135.0,13575.0,66.0,0.0,82.0
20150529,23.43013698630137,1971.339683561644,15.9,,,,,,,,,,,,,,,,,,,,,,,,,,,,0,80.0,1,1.87,4222.0,366.595838344225,6486.0,24180.0,737.0,8160.0,7812.0,2337.935521905869,0.0,0.0,,,,,,,,,,,,,5099.0,676.0,30300.0,1.0,4715.0,0.0,1.0,11880.0,25071.0,13191.0,71.0,0.0,82.0
20150530,23.432876712328767,1971.321176712329,15.9,,,,,,,,,,,,,,,,,,,,,,,,,,,,0,80.0,1,1.87,1825.0,177.3812779476458,2959.0,29280.0,286.0,5820.0,3464.0,2148.7024546599746,0.0,0.0,,,,,,,,,,,,,13139.0,2233.0,34500.0,2.0,12391.0,0.0,1.0,10137.0,20041.0,9904.0,57.0,0.0,82.0
20150531,23.435616438356163,1971.3026698630138,15.9,,,,,,,,,,,,,,,,,,,,,,,,,,,,0,80.0,1,1.87,5223.0,531.686158698965,8535.0,27300.0,969.0,21840.0,9964.0,2502.9888285619786,0.0,0.0,,,,,,,,,,,,,3418.0,5692.0,28200.0,4.0,2688.0,0.0,1.0,11689.0,20840.0,9151.0,59.0,0.0,82.0
20150601,23.438356164383563,1971.2841630136988,15.9,,,,,,,,,,,,,,,,,,,,,,,,,,,,0,80.0,1,1.87,8710.0,828.4501811938469,13935.0,25620.0,2176.0,6060.0,16458.0,2799.7343442075457,0.0,0.0,,,,,,,,,,,,,-4380.0,1444.0,28200.0,2.0,-4790.0,0.0,1.0,15525.0,31796.0,16271.0,92.0,0.0,82.0
20150602,23.44109589041096,1971.2656561643837,15.9,,,,,,,,,,,,,,,,,,,,,,,,,,,,0,80.0,1,1.87,4926.0,453.2052234171564,7702.0,27840.0,1131.0,6540.0,9199.0,2424.47087958154,0.0,0.0,,,,,,,,,,,,,-1381.0,3285.0,26400.0,1.0,-3948.0,0.0,1.0,14286.0,27169.0,12883.0,81.0,0.0,82.0
20150603,23.443835616438356,1971.2471493150688,15.9,,,,,,,,,,,,,,,,,,,,,,,,,,,,0,80.0,1,1.87,5543.0,505.0118792728819,8489.0,26400.0,1146.0,2940.0,10238.0,2476.2590285879505,0.0,0.0,,,,,,,,,,,,,1498.0,1582.0,26400.0,2.0,771.0,0.0,1.0,7555.0,24057.0,16502.0,61.0,0.0,82.0
20150604,23.446575342465753,1971.2286424657536,15.9,,,,,,,,,,,,,,,,,,,,,,,,,,,,0,80.0,1,1.87,4450.0,395.50603914236893,6822.0,25860.0,1222.0,6780.0,8253.0,2366.7346816081226,0.0,0.0,,,,,,,,,,,,,2399.0,2777.0,26400.0,1.0,1734.0,0.0,1.0,13010.0,24109.0,11099.0,69.0,0.0,82.0
20150605,23.44931506849315,1971.2101356164385,15.9,,,,,,,,,,,,,,,,,,,,,,,,,,,,0,80.0,1,1.87,5153.0,447.17158742509497,7816.0,23220.0,629.0,5280.0,9465.0,2418.3817230415334,0.0,0.0,,,,,,,,,,,,,2040.0,1407.0,24300.0,1.0,1352.0,0.0,1.0,12970.0,21669.0,8699.0,64.0,0.0,82.0
20150606,23.45205479452055,1971.1916287671233,15.9,,,,,,,,,,,,,,,,,,,,,,,,,,,,0,80.0,1,1.87,5273.0,470.31462675548926,8031.0,25560.0,1753.0,5100.0,9698.0,2441.5062555226127,0.0,0.0,122878.0,763.0,123420.0,0.0,122119.0,0.0,2.0,0.0,1317.0,1317.0,1.0,0.0,1740.0,8233.0,31500.0,5.0,715.0,0.0,1.0,13055.0,22761.0,9706.0,65.0,0.0,82.0
20150607,23.454794520547946,1971.1731219178084,15.9,,,,,,,,,,,,,,,,,,,,,,,,,,,,0,80.0,1,1.87,1396.0,123.11417640737622,2193.0,28800.0,504.0,14580.0,2610.0,2094.2872983251846,0.0,0.0,,,,,,,,,,,,,3900.0,549.0,39600.0,0.0,3353.0,0.0,1.0,20857.0,35917.0,15060.0,100.0,0.0,82.0
20150608,23.457534246575342,1971.1546150684933,15.9,,,,,,,,,,,,,,,,,,,,,,,,,,,,0,80.0,1,1.87,9957.0,937.84316617245,10822.0,25860.0,975.0,4800.0,12814.0,2908.9977812409434,1.0,3600.0,,,,,,,,,,,,,5639.0,1713.0,21300.0,1.0,5244.0,0.0,1.0,7262.0,14772.0,7510.0,42.0,0.0,82.0
20150609,23.46027397260274,1971.1361082191781,15.9,,,,,,,,,,,,,,,,,,,,,,,,,,,,0,80.0,1,1.87,6979.0,683.1556292930967,11245.0,27240.0,1508.0,3300.0,13230.0,2654.2917375122747,0.0,0.0,,,,,,,,,,,,,0.0,2643.0,31200.0,3.0,-780.0,0.0,1.0,14956.0,29557.0,14601.0,87.0,0.0,82.0
20150610,23.463013698630135,1971.1176013698632,15.9,,,,,,,,,,,,,,,,,,,,,,,,,,,,0,80.0,1,1.87,5451.0,488.0637829901888,8438.0,26400.0,903.0,4920.0,10132.0,2459.181384360052,0.0,0.0,,,,,,,,,,,,,2218.0,1937.0,27000.0,0.0,1194.0,0.0,1.0,11640.0,24721.0,13081.0,70.0,0.0,82.0
20150611,23.465753424657535,1971.099094520548,15.9,,,,,,,,,,,,,,,,,,,,,,,,,,,,0,80.0,1,1.87,4500.0,444.36988481864,7401.0,27060.0,1343.0,6420.0,8625.0,2415.468979339188,0.0,0.0,,,,,,,,,,,,,5219.0,4287.0,26100.0,1.0,4549.0,0.0,1.0,12062.0,20582.0,8520.0,62.0,0.0,82.0
20150612,23.46849315068493,1971.080587671233,15.9,,,,,,,,,,,,,,,,,,,,,,,,,,,,0,80.0,1,1.87,6275.0,566.8796869171357,9860.0,23520.0,1247.0,4980.0,11778.0,2537.9602745883685,0.0,0.0,,,,,,,,,,,,,-2281.0,2144.0,24600.0,0.0,-3256.0,0.0,1.0,14282.0,26897.0,12615.0,79.0,0.0,82.0
20150613,23.471232876712328,1971.062080821918,15.9,,,,,,,,,,,,,,,,,,,,,,,,,,,,0,80.0,1,1.87,5714.0,480.6776904186077,8309.0,26760.0,1566.0,4800.0,10236.0,2451.739771240526,0.0,0.0,,,,,,,,,,,,,5519.0,1702.0,30600.0,1.0,4819.0,0.0,1.0,12060.0,24341.0,12281.0,69.0,0.0,82.0
20150614,23.473972602739725,1971.0435739726029,15.9,,,,,,,,,,,,,,,,,,,,,,,,,,,,0,80.0,1,1.87,5354.0,553.4900147172449,8707.0,29100.0,3532.0,4980.0,10177.0,2524.533588689848,0.0,0.0,,,,,,,,,,,,,3659.0,686.0,32400.0,0.0,2975.0,0.0,1.0,9180.0,28924.0,19744.0,74.0,0.0,82.0
20150615,23.476712328767125,1971.025067123288,15.9,,,,,,,,,,,,,,,,,,,,,,,,,,,,0,80.0,1,1.87,7258.0,687.5074354543545,11587.0,25620.0,969.0,3660.0,13736.0,2658.5325025776424,0.0,0.0,,,,,,,,,,,,,7379.0,1030.0,25200.0,1.0,6697.0,0.0,1.0,8650.0,17649.0,8999.0,49.0,0.0,82.0
20150616,23.47945205479452,1971.0065602739728,15.9,,,,,,,,,,,,,,,,,,,,,,,,,,,,0,80.0,1,1.87,4243.0,416.89294268261546,6813.0,27180.0,615.0,5340.0,8036.0,2387.899502956588,0.0,0.0,,,,,,,,,,,,,5157.0,2594.0,29700.0,2.0,4471.0,0.0,1.0,9363.0,23018.0,13655.0,62.0,0.0,82.0
20150617,23.482191780821918,1970.9880534246577,15.9,,,,,,,,,,,,,,,,,,,,,,,,,,,,0,80.0,1,1.87,4845.0,431.8224842955806,7493.0,26940.0,931.0,6960.0,8993.0,2402.8105377202382,0.0,0.0,,,,,,,,,,,,,1859.0,4197.0,29700.0,2.0,958.0,0.0,1.0,13394.0,24691.0,11297.0,71.0,0.0,82.0
20150618,23.484931506849314,1970.9695465753425,15.9,,,,,,,,,,,,,,,,,,,,,,,,,,,,0,80.0,1,1.87,5329.0,547.9233926970949,8845.0,26040.0,1240.0,6540.0,10324.0,2518.8929392724376,0.0,0.0,,,,,,,,,,,,,237.0,2203.0,31800.0,2.0,-499.0,0.0,1.0,15847.0,30144.0,14297.0,91.0,0.0,82.0
20150619,23.487671232876714,1970.9510397260276,15.9,,,,,,,,,,,,,,,,,,,,,,,,,,,,0,80.0,1,1.87,4831.0,456.26560895387604,7668.0,26040.0,760.0,4560.0,9109.0,2427.2166486799038,0.0,0.0,,,,,,,,,,,,,959.0,2946.0,26400.0,1.0,594.0,0.0,1.0,9300.0,24960.0,15660.0,66.0,0.0,82.0
20150620,23.49041095890411,1970.9325328767125,15.9,,,,,,,,,,,,,,,,,,,,,,,,,,,,0,80.0,1,1.87,18206.0,1531.7120044544006,26585.0,13500.0,2940.0,2160.0,32614.0,3502.644537331113,0.0,0.0,,,,,,,,,,,,,1737.0,2570.0,18900.0,2.0,735.0,0.0,1.0,6913.0,15658.0,8745.0,42.0,0.0,82.0
20150621,23.493150684931507,1970.9140260273975,15.9,,,,,,,,,,,,,,,,,,,,,,,,,,,,0,80.0,1,1.87,4359.0,421.1090766213186,7030.0,27840.0,1531.0,12060.0,8253.0,2392.0231026487163,0.0,0.0,,,,,,,,,,,,,10677.0,695.0,40500.0,0.0,9985.0,0.0,1.0,12180.0,30089.0,17909.0,82.0,0.0,82.0
20150622,23.495890410958904,1970.8955191780824,15.9,,,,,,,,,,,,,,,,,,,,,,,,,,,,0,80.0,1,1.87,8550.0,904.3149283279412,8545.0,27840.0,1065.0,6960.0,10108.0,2875.2104475060237,1.0,3600.0,,,,,,,,,,,,,2879.0,1747.0,21300.0,2.0,1878.0,0.0,1.0,6220.0,17927.0,11707.0,44.0,0.0,82.0
20150623,23.4986301369863,1970.8770123287673,15.9,,,,,,,,,,,,,,,,,,,,,,,,,,,,0,80.0,1,1.87,3707.0,349.5349733653181,5872.0,26580.0,763.0,4200.0,6966.0,2320.411985694085,0.0,0.0,,,,,,,,,,,,,358.0,1410.0,31200.0,1.0,-378.0,0.0,1.0,16859.0,30348.0,13489.0,92.0,0.0,82.0
20150624,23.5013698630137,1970.858505479452,15.9,,,,,,,,,,,,,,,,,,,,,,,,,,,,0,80.0,1,1.87,2659.0,275.14508707949835,4399.0,27300.0,556.0,6360.0,5118.0,2246.0035925589505,0.0,0.0,,,,,,,,,,,,,4920.0,1164.0,32100.0,1.0,4209.0,0.0,1.0,16561.0,26821.0,10260.0,82.0,0.0,82.0
20150625,23.504109589041096,1970.8399986301372,15.9,,,,,,,,,,,,,,,,,,,,,,,,,,,,0,80.0,1,1.87,3377.0,340.8254245540393,5559.0,28800.0,913.0,7500.0,6531.0,2311.6654231841767,0.0,0.0,,,,,,,,,,,,,5578.0,1514.0,33000.0,1.0,4911.0,0.0,1.0,14759.0,26947.0,12188.0,79.0,0.0,82.0
20150626,23.506849315068493,1970.821491780822,15.9,,,,,,,,,,,,,,,,,,,,,,,,,,,,0,80.0,1,1.87,5815.0,583.3262997570729,9517.0,25860.0,1375.0,8160.0,11163.0,2554.147791537895,0.0,0.0,,,,,,,,,,,,,9778.0,2815.0,27000.0,3.0,8694.0,0.0,1.0,6729.0,15628.0,8899.0,42.0,0.0,82.0
20150627,23.50958904109589,1970.8029849315071,15.9,,,,,,,,,,,,,,,,,,,,,,,,,,,,0,80.0,1,1.87,4703.0,485.97446457983204,7833.0,28080.0,512.0,6120.0,9092.0,2456.777449511339,0.0,0.0,,,,,,,,,,,,,2519.0,1320.0,36300.0,1.0,1830.0,0.0,1.0,16770.0,33570.0,16800.0,97.0,0.0,82.0
20150628,23.512328767123286,1970.784478082192,15.9,,,,,,,,,,,,,,,,,,,,,,,,,,,,0,80.0,1,1.87,4148.0,394.0759779902809,6529.0,28500.0,868.0,13860.0,7735.0,2364.860456072473,0.0,0.0,,,,,,,,,,,,,10259.0,2598.0,28200.0,1.0,9243.0,0.0,1.0,5461.0,17410.0,11949.0,45.0,0.0,82.0
20150629,23.515068493150686,1970.7659712328768,15.9,,,,,,,,,,,,,,,,,,,,,,,,,,,,0,80.0,1,1.87,4495.0,441.68226510156234,7326.0,26100.0,936.0,3360.0,8576.0,2412.448236334439,0.0,0.0,,,,,,,,,,,,,-1261.0,1591.0,29700.0,3.0,-1578.0,0.0,1.0,11803.0,29747.0,17944.0,80.0,0.0,82.0
20150630,23.517808219178082,1970.7474643835617,15.9,,,,,,,,,,,,,,,,,,,,,,,,,,,,0,80.0,1,1.87,3729.0,342.01216718715403,5982.0,26640.0,1025.0,6240.0,7080.0,2312.7596315707156,0.0,0.0,,,,,,,,,,,,,6719.0,3995.0,31200.0,2.0,5407.0,0.0,1.0,9241.0,22139.0,12898.0,59.0,0.0,82.0
20150701,23.52054794520548,1970.7289575342468,15.9,,,,,,,,,,,,,,,,,,,,,,,,,,,,0,80.0,1,1.87,5436.0,499.59361643666693,8510.0,28260.0,907.0,6120.0,10175.0,2470.3225739709137,0.0,0.0,,,,,,,,,,,,,2159.0,810.0,24900.0,0.0,1770.0,0.0,1.0,7079.0,22740.0,15661.0,58.0,0.0,82.0
20150702,23.523287671232875,1970.7104506849316,15.9,,,,,,,,,,,,,,,,,,,,,,,,,,,,0,80.0,1,1.87,4519.0,452.38711402526764,7388.0,27960.0,634.0,5280.0,8637.0,2423.097564710199,0.0,0.0,,,,,,,,,,,,,2940.0,6986.0,33300.0,6.0,2549.0,0.0,1.0,12781.0,24001.0,11220.0,68.0,0.0,82.0
20150703,23.526027397260275,1970.6919438356167,15.9,,,,,,,,,,,,,,,,,,,,,,,,,,,,0,80.0,1,1.87,4148.0,389.2100465075744,6498.0,27480.0,470.0,6120.0,7768.0,2359.9019903431913,0.0,0.0,,,,,,,,,,,,,-661.0,5792.0,24600.0,5.0,-1670.0,0.0,1.0,7132.0,21590.0,14458.0,52.0,0.0,82.0
20150704,23.528767123287672,1970.6734369863016,15.9,,,,,,,,,,,,,,,,,,,,,,,,,,,,0,80.0,1,1.87,7194.0,804.6189308569484,7318.0,22320.0,1033.0,6540.0,8567.0,2775.29236784325,1.0,3600.0,,,,,,,,,,,,,4260.0,5073.0,31500.0,3.0,3571.0,0.0,1.0,10502.0,23940.0,13438.0,64.0,0.0,82.0
20150705,23.53150684931507,1970.6549301369864,15.9,,,,,,,,,,,,,,,,,,,,,,,,,,,,0,80.0,1,1.87,5187.0,483.8195033116685,7939.0,26460.0,2269.0,7620.0,9549.0,2454.474433448655,0.0,0.0,25799.0,292.0,27000.0,0.0,25514.0,0.0,1.0,141.0,1342.0,1201.0,2.0,0.0,-1021.0,749.0,25500.0,0.0,-1768.0,0.0,1.0,11581.0,26532.0,14951.0,73.0,0.0,82.0
20150706,23.534246575342465,1970.6364232876713,15.9,,,,,,,,,,,,,,,,,,,,,,,,,,,,0,80.0,1,1.87,167.0,17.61665517168801,277.0,7740.0,51.0,5640.0,319.0,1988.2530784593594,0.0,0.0,,,,,,,,,,,,,7080.0,785.0,34500.0,0.0,6359.0,0.0,1.0,11802.0,27405.0,15603.0,75.0,0.0,82.0
20150707,23.536986301369865,1970.6179164383564,15.9,,,,,,,,,,,,,,,,,,,,,,,,,,,,0,80.0,1,1.87,18.0,2.241927146982942,33.0,4200.0,18.0,4200.0,38.0,1972.8598435853394,0.0,0.0,,,,,,,,,,,,,1559.0,2981.0,32700.0,1.0,566.0,0.0,1.0,11463.0,29582.0,18119.0,81.0,0.0,82.0
20150708,23.53972602739726,1970.5994095890412,15.9,,,,,,,,,,,,,,,,,,,,,,,,,,,,0,80.0,1,1.87,7373.0,573.0176710979572,10102.0,19740.0,4193.0,7320.0,12785.0,2543.6170806869986,0.0,0.0,,,,,,,,,,,,,2460.0,2909.0,34200.0,2.0,1769.0,0.0,1.0,10979.0,29796.0,18817.0,80.0,0.0,82.0
20150709,23.542465753424658,1970.5809027397263,15.9,,,,,,,,,,,,,,,,,,,,,,,,,,,,0,80.0,1,1.87,1718.0,145.38872690447306,2367.0,29940.0,662.0,13980.0,2954.0,2115.9696296441994,0.0,0.0,,,,,,,,,,,,,5579.0,614.0,34500.0,0.0,4969.0,0.0,1.0,6837.0,29168.0,22331.0,69.0,0.0,82.0
20150710,23.545205479452054,1970.5623958904112,15.9,,,,,,,,,,,,,,,,,,,,,,,,,,,,0,80.0,1,1.87,4313.0,356.5329421257457,6198.0,25800.0,1159.0,7680.0,7669.0,2327.095338016157,0.0,0.0,,,,,,,,,,,,,299.0,5686.0,26700.0,4.0,-2593.0,0.0,1.0,9782.0,23754.0,13972.0,64.0,0.0,82.0
20150711,23.54794520547945,1970.543889041096,15.9,,,,,,,,,,,,,,,,,,,,,,,,,,,,0,80.0,1,1.87,639.0,58.08817871082765,1002.0,22740.0,342.0,15780.0,1194.0,2028.6320677519236,0.0,0.0,,,,,,,,,,,,,,,,,,,,,,,,,82.0
20150712,23.55068493150685,1970.5253821917809,15.9,,,,,,,,,,,,,,,,,,,,,,,,,,,,0,80.0,1,1.87,7361.0,716.134363413178,11685.0,20520.0,889.0,4620.0,13798.0,2686.659745604959,0.0,0.0,,,,,,,,,,,,,,,,,,,,,,,,,82.0
20150713,23.553424657534247,1970.506875342466,15.9,,,,,,,,,,,,,,,,,,,,,,,,,,,,0,80.0,1,1.87,4892.0,463.83721119136317,7705.0,24300.0,999.0,4200.0,9168.0,2434.344086533829,0.0,0.0,,,,,,,,,,,,,5278.0,8586.0,23100.0,2.0,-1318.0,0.0,1.0,6318.0,17331.0,11013.0,42.0,0.0,82.0
20150714,23.556164383561644,1970.4883684931508,15.9,,,,,,,,,,,,,,,,,,,,,,,,,,,,0,80.0,1,1.87,305.0,28.56086087225,486.0,13200.0,150.0,7500.0,576.0,1999.0492293654008,0.0,0.0,,,,,,,,,,,,,7980.0,2368.0,34200.0,0.0,7259.0,0.0,1.0,11072.0,26733.0,15661.0,70.0,0.0,82.0
20150715,23.55890410958904,1970.4698616438359,15.9,,,,,,,,,,,,,,,,,,,,,,,,,,,,0,80.0,1,1.87,12534.0,1094.0220463535472,18606.0,18960.0,3327.0,7440.0,22626.0,3064.4919079973834,0.0,0.0,,,,,,,,,,,,,4199.0,363.0,35400.0,0.0,3838.0,0.0,1.0,11346.0,31447.0,20101.0,82.0,0.0,82.0
20150716,23.561643835616437,1970.4513547945207,15.9,,,,,,,,,,,,,,,,,,,,,,,,,,,,0,80.0,1,1.87,4414.0,450.39742344778114,7294.0,28440.0,855.0,10500.0,8466.0,2420.8487782423017,0.0,0.0,,,,,,,,,,,,,7739.0,3440.0,23400.0,3.0,6976.0,0.0,1.0,5609.0,13280.0,7671.0,34.0,0.0,82.0
20150717,23.564383561643837,1970.4328479452056,15.9,,,,,,,,,,,,,,,,,,,,,,,,,,,,0,80.0,1,1.87,5219.0,501.65214076975053,8397.0,24600.0,831.0,2940.0,9909.0,2472.084988714956,0.0,0.0,,,,,,,,,,,,,5639.0,1015.0,29100.0,1.0,4936.0,0.0,1.0,8264.0,23329.0,15065.0,60.0,0.0,82.0
20150718,23.567123287671233,1970.4143410958904,15.9,,,,,,,,,,,,,,,,,,,,,,,,,,,,0,80.0,1,1.87,6921.0,658.6901087983254,10904.0,16680.0,1942.0,2400.0,12952.0,2629.1044498942156,0.0,0.0,,,,,,,,,,,,,1977.0,3300.0,30000.0,3.0,1012.0,0.0,1.0,12783.0,25921.0,13138.0,74.0,0.0,82.0
20150719,23.56986301369863,1970.3958342465755,15.9,,,,,,,,,,,,,,,,,,,,,,,,,,,,0,80.0,1,1.87,10517.0,986.29766297349,16021.0,19020.0,974.0,2940.0,19120.0,2956.6934972200656,0.0,0.0,,,,,,,,,,,,,3418.0,2401.0,30000.0,3.0,2720.0,0.0,1.0,8161.0,25659.0,17498.0,63.0,0.0,82.0
20150720,23.572602739726026,1970.3773273972604,15.9,,,,,,,,,,,,,,,,,,,,,,,,,,,,0,80.0,1,1.87,6901.0,664.2089896059728,10978.0,22680.0,1196.0,2880.0,12988.0,2634.586317003233,0.0,0.0,,,,,,,,,,,,,6238.0,2893.0,24300.0,2.0,4255.0,0.0,1.0,11348.0,17287.0,5939.0,53.0,0.0,82.0
20150721,23.575342465753426,1970.3588205479455,15.9,,,,,,,,,,,,,,,,,,,,,,,,,,,,0,80.0,1,1.87,6177.0,592.6819443105281,10054.0,25200.0,1192.0,5160.0,11834.0,2563.0407648584737,0.0,0.0,,,,,,,,,,,,,8939.0,2894.0,29700.0,2.0,8222.0,0.0,1.0,8245.0,19103.0,10858.0,52.0,0.0,82.0
20150722,23.578082191780823,1970.3403136986303,15.9,,,,,,,,,,,,,,,,,,,,,,,,,,,,0,80.0,1,1.87,9867.0,1115.042279498649,9579.0,26160.0,2003.0,3540.0,11537.0,3085.382593197279,1.0,3600.0,,,,,,,,,,,,,-2409.0,3214.0,-300.0,0.0,-2409.0,0.0,1.0,0.0,650.0,650.0,0.0,0.0,82.0
20150723,23.58082191780822,1970.3218068493152,15.9,,,,,,,,,,,,,,,,,,,,,,,,,,,,0,80.0,1,1.87,3663.0,362.5197939746352,5937.0,27660.0,842.0,8340.0,6995.0,2332.8416008239506,0.0,0.0,,,,,,,,,,,,,1439.0,1513.0,28500.0,2.0,648.0,0.0,1.0,10748.0,26376.0,15628.0,71.0,0.0,82.0
20150724,23.583561643835615,1970.3033,15.9,,,,,,,,,,,,,,,,,,,,,,,,,,,,0,80.0,1,1.87,3911.0,404.33635795264416,6559.0,28440.0,649.0,10260.0,7627.0,2374.639657952644,0.0,0.0,,,,,,,,,,,,,3300.0,2286.0,37500.0,1.0,2577.0,0.0,1.0,15787.0,32768.0,16981.0,96.0,0.0,82.0
20150725,23.586301369863016,1970.2847931506851,15.9,,,,,,,,,,,,,,,,,,,,,,,,,,,,0,80.0,1,1.87,4165.0,393.11944206846556,6541.0,28800.0,2383.0,9840.0,7791.0,2363.404235219151,0.0,0.0,,,,,,,,,,,,,3419.0,1403.0,35100.0,1.0,2698.0,0.0,1.0,10321.0,31201.0,20880.0,80.0,0.0,82.0
20150726,23.589041095890412,1970.26628630137,15.9,,,,,,,,,,,,,,,,,,,,,,,,,,,,0,80.0,1,1.87,2800.0,278.7929283006728,4563.0,27480.0,360.0,5160.0,5362.0,2249.0592146020426,0.0,0.0,58440.0,375.0,59700.0,0.0,58068.0,0.0,1.0,1332.0,1332.0,0.0,4.0,0.0,6119.0,1783.0,28200.0,0.0,5158.0,0.0,1.0,8886.0,22140.0,13254.0,59.0,0.0,82.0
20150727,23.59178082191781,1970.247779452055,15.9,,,,,,,,,,,,,,,,,,,,,,,,,,,,0,80.0,1,1.87,5442.0,533.0797070839176,8807.0,24600.0,861.0,5640.0,10353.0,2503.3274865359726,0.0,0.0,,,,,,,,,,,,,5580.0,1046.0,36000.0,1.0,4957.0,0.0,1.0,19199.0,30013.0,10814.0,96.0,0.0,82.0
20150728,23.594520547945205,1970.22927260274,15.9,,,,,,,,,,,,,,,,,,,,,,,,,,,,0,80.0,1,1.87,10076.0,885.2449320426389,15276.0,18660.0,1196.0,4260.0,18474.0,2855.474204645379,0.0,0.0,,,,,,,,,,,,,8279.0,6607.0,25200.0,3.0,7239.0,0.0,1.0,6240.0,15422.0,9182.0,40.0,0.0,82.0
20150729,23.5972602739726,1970.2107657534248,15.9,,,,,,,,,,,,,,,,,,,,,,,,,,,,0,80.0,1,1.87,8999.0,1039.7948264760425,8245.0,25860.0,1525.0,5520.0,9859.0,3010.0055922294673,2.0,5040.0,,,,,,,,,,,,,-3601.0,2265.0,33000.0,2.0,-4300.0,0.0,1.0,12599.0,35161.0,22562.0,98.0,0.0,82.0
20150730,23.6,1970.1922589041096,15.9,,,,,,,,,,,,,,,,,,,,,,,,,,,,0,80.0,1,1.87,2311.0,227.6634457807793,3750.0,29460.0,481.0,6360.0,4391.0,2197.855704684889,0.0,0.0,,,,,,,,,,,,,4378.0,262.0,31800.0,0.0,4118.0,0.0,1.0,10800.0,27564.0,16764.0,73.0,0.0,82.0
20150731,23.602739726027398,1970.1737520547947,15.9,,,,,,,,,,,,,,,,,,,,,,,,,,,,0,80.0,1,1.87,6088.0,620.5173063912819,9879.0,29760.0,947.0,10980.0,11516.0,2590.6910584460766,0.0,0.0,,,,,,,,,,,,,7380.0,399.0,39600.0,0.0,7006.0,0.0,1.0,13384.0,32443.0,19059.0,89.0,0.0,82.0
20150801,23.605479452054794,1970.1552452054796,15.9,,,,,,,,,,,,,,,,,,,,,,,,,,,,0,80.0,1,1.87,11430.0,1075.2102688674938,17522.0,21240.0,1261.0,6960.0,20883.0,3045.3655140729734,0.0,0.0,,,,,,,,,,,,,10858.0,1414.0,35100.0,0.0,10192.0,0.0,1.0,12780.0,24214.0,11434.0,71.0,0.0,82.0
20150802,23.60821917808219,1970.1367383561646,15.9,,,,,,,,,,,,,,,,,,,,,,,,,,,,0,80.0,1,1.87,3357.0,325.1964480132797,5368.0,26280.0,595.0,14400.0,6359.0,2295.3331863694443,0.0,0.0,,,,,,,,,,,,,9540.0,1779.0,41700.0,1.0,8483.0,0.0,1.0,11982.0,31662.0,19680.0,84.0,0.0,82.0
20150803,23.610958904109587,1970.1182315068495,15.9,,,,,,,,,,,,,,,,,,,,,,,,,,,,0,80.0,1,1.87,4991.0,550.1805024774317,8582.0,25680.0,964.0,6240.0,9775.0,2520.298733984281,0.0,0.0,,,,,,,,,,,,,10077.0,6056.0,39900.0,4.0,9027.0,0.0,1.0,6842.0,25040.0,18198.0,61.0,0.0,82.0
20150804,23.613698630136987,1970.0997246575344,15.9,,,,,,,,,,,,,,,,,,,,,,,,,,,,0,80.0,1,1.87,12204.0,1414.7431015409766,21676.0,22560.0,3673.0,11460.0,24310.0,3384.842826198511,0.0,0.0,,,,,,,,,,,,,7317.0,2988.0,39300.0,2.0,6303.0,0.0,1.0,11231.0,30169.0,18938.0,79.0,0.0,82.0
20150805,23.616438356164384,1970.0812178082194,15.9,,,,,,,,,,,,,,,,,,,,,,,,,,,,0,80.0,1,1.87,6071.0,639.5466945615455,10271.0,27600.0,1611.0,4500.0,11776.0,2609.627912369765,0.0,0.0,,,,,,,,,,,,,2940.0,970.0,32100.0,1.0,2680.0,0.0,1.0,12483.0,28698.0,16215.0,79.0,0.0,82.0
20150806,23.61917808219178,1970.0627109589043,15.9,,,,,,,,,,,,,,,,,,,,,,,,,,,,0,80.0,1,1.87,3552.0,313.64964078306866,5351.0,26520.0,651.0,8280.0,6493.0,2283.712351741973,0.0,0.0,,,,,,,,,,,,,-481.0,2438.0,34200.0,1.0,-1519.0,0.0,1.0,10510.0,34562.0,24052.0,88.0,0.0,82.0
20150807,23.621917808219177,1970.0442041095891,15.9,,,,,,,,,,,,,,,,,,,,,,,,,,,,0,80.0,1,1.87,4531.0,424.41514391443496,7012.0,22920.0,939.0,4920.0,8355.0,2394.459348024024,0.0,0.0,,,,,,,,,,,,,4019.0,1608.0,28800.0,3.0,3325.0,0.0,1.0,3160.0,24157.0,20997.0,51.0,0.0,82.0
20150808,23.624657534246577,1970.0256972602742,15.9,,,,,,,,,,,,,,,,,,,,,,,,,,,,0,80.0,1,1.87,2683.0,253.73072731640224,4226.0,28740.0,1070.0,9720.0,5023.0,2223.7564245766766,0.0,0.0,,,,,,,,,,,,,1379.0,7896.0,38400.0,5.0,380.0,0.0,1.0,15903.0,30304.0,14401.0,92.0,0.0,82.0
20150809,23.627397260273973,1970.007190410959,15.9,,,,,,,,,,,,,,,,,,,,,,,,,,,,0,80.0,1,1.87,1042.0,134.065247595602,1956.0,31800.0,254.0,21720.0,2146.0,2104.0724380065612,0.0,0.0,,,,,,,,,,,,,,,,,,,,,,,,,82.0
20150810,23.63013698630137,1969.988683561644,15.9,,,,,,,,,,,,,,,,,,,,,,,,,,,,0,80.0,1,1.87,351.0,33.440650522720006,542.0,14340.0,241.0,14340.0,651.0,2003.429334084364,0.0,0.0,,,,,,,,,,,,,,,,,,,,,,,,,82.0
20150811,23.632876712328766,1969.9701767123288,15.9,,,,,,,,,,,,,,,,,,,,,,,,,,,,0,80.0,1,1.87,,,,,,,,1969.9701767123288,,,,,,,,,,,,,,,,,,,,,,,,,,,82.0
20150812,23.635616438356166,1969.9516698630139,15.9,,,,,,,,,,,,,,,,,,,,,,,,,,,,0,80.0,1,1.87,,,,,,,,1969.9516698630139,,,,,,,,,,,,,,,,,,,,,,,,,,,82.0
20150813,23.638356164383563,1969.9331630136987,15.9,,,,,,,,,,,,,,,,,,,,,,,,,,,,0,80.0,1,1.87,208.0,17.1760303974,307.0,20400.0,208.0,20400.0,376.0,1987.1091934110987,0.0,0.0,,,,,,,,,,,,,,,,,,,,,,,,,82.0
20150814,23.64109589041096,1969.9146561643838,15.9,,,,,,,,,,,,,,,,,,,,,,,,,,,,0,80.0,1,1.87,,,,,,,,1969.9146561643838,,,,,,,,,,,,,,,,,,,,,,,,,,,82.0
20150815,23.643835616438356,1969.8961493150687,15.9,,,,,,,,,,,,,,,,,,,,,,,,,,,,0,80.0,1,1.87,,,,,,,,1969.8961493150687,,,,,,,,,,,,,,,,,,,,,,,,,,,82.0
20150816,23.646575342465752,1969.8776424657535,15.9,,,,,,,,,,,,,,,,,,,,,,,,,,,,0,80.0,1,1.87,,,,,,,,1969.8776424657535,,,,,,,,,,,,,,,,,,,,,,,,,,,82.0
20150817,23.649315068493152,1969.8591356164386,15.9,,,,,,,,,,,,,,,,,,,,,,,,,,,,0,80.0,1,1.87,,,,,,,,1969.8591356164386,,,,,,,,,,,,,,,,,,,,,,,,,,,82.0
20150818,23.65205479452055,1969.8406287671235,15.9,,,,,,,,,,,,,,,,,,,,,,,,,,,,0,80.0,1,1.87,,,,,,,,1969.8406287671235,,,,,,,,,,,,,,,,,,,,,,,,,,,82.0
20150819,23.654794520547945,1969.8221219178083,15.9,,,,,,,,,,,,,,,,,,,,,,,,,,,,0,80.0,1,1.87,,,,,,,,1969.8221219178083,,,,,,,,,,,,,,,,,,,,,,,,,,,82.0
20150820,23.65753424657534,1969.8036150684934,15.9,,,,,,,,,,,,,,,,,,,,,,,,,,,,0,80.0,1,1.87,,,,,,,,1969.8036150684934,,,,,,,,,,,,,,,,,,,,,,,,,,,82.0
20150821,23.660273972602738,1969.7851082191783,15.9,,,,,,,,,,,,,,,,,,,,,,,,,,,,0,80.0,1,1.87,,,,,,,,1969.7851082191783,,,,,,,,,,,,,,,,,,,,,,,,,,,82.0
20150822,23.663013698630138,1969.766601369863,15.9,,,,,,,,,,,,,,,,,,,,,,,,,,,,0,80.0,1,1.87,,,,,,,,1969.766601369863,,,,,,,,,,,,,,,,,,,,,,,,,,,82.0
20150823,23.665753424657535,1969.7480945205482,15.9,,,,,,,,,,,,,,,,,,,,,,,,,,,,0,80.0,1,1.87,,,,,,,,1969.7480945205482,,,,,,,,,,,,,,,,,,,,,,,,,,,82.0
20150824,23.66849315068493,1969.729587671233,15.9,,,,,,,,,,,,,,,,,,,,,,,,,,,,0,80.0,1,1.87,,,,,,,,1969.729587671233,,,,,,,,,,,,,,,,,,,,,,,,,,,82.0
20150825,23.671232876712327,1969.711080821918,15.9,,,,,,,,,,,,,,,,,,,,,,,,,,,,0,80.0,1,1.87,,,,,,,,1969.711080821918,,,,,,,,,,,,,,,,,,,,,,,,,,,82.0
20150826,23.673972602739727,1969.692573972603,15.9,,,,,,,,,,,,,,,,,,,,,,,,,,,,0,80.0,1,1.87,,,,,,,,1969.692573972603,,,,,,,,,,,,,,,,,,,,,,,,,,,82.0
20150827,23.676712328767124,1969.6740671232878,15.9,,,,,,,,,,,,,,,,,,,,,,,,,,,,0,80.0,1,1.87,,,,,,,,1969.6740671232878,,,,,,,,,,,,,,,,,,,,,,,,,,,82.0
20150828,23.67945205479452,1969.6555602739727,15.9,,,,,,,,,,,,,,,,,,,,,,,,,,,,0,80.0,1,1.87,,,,,,,,1969.6555602739727,,,,,,,,,,,,,,,,,,,,,,,,,,,82.0
20150829,23.682191780821917,1969.6370534246578,15.9,,,,,,,,,,,,,,,,,,,,,,,,,,,,0,80.0,1,1.87,,,,,,,,1969.6370534246578,,,,,,,,,,,,,,,,,,,,,,,,,,,82.0
20150830,23.684931506849313,1969.6185465753426,15.9,,,,,,,,,,,,,,,,,,,,,,,,,,,,0,80.0,1,1.87,,,,,,,,1969.6185465753426,,,,,,,,,,,,,,,,,,,,,,,,,,,82.0
20150831,23.687671232876713,1969.6000397260275,15.9,,,,,,,,,,,,,,,,,,,,,,,,,,,,0,80.0,1,1.87,,,,,,,,1969.6000397260275,,,,,,,,,,,,,,,,,,,,,,,,,,,82.0
20150901,23.69041095890411,1969.5815328767126,15.9,,,,,,,,,,,,,,,,,,,,,,,,,,,,0,80.0,1,1.87,,,,,,,,1969.5815328767126,,,,,,,,,,,,,,,,,,,,,,,,,,,82.0
20150902,23.693150684931506,1969.5630260273974,15.9,,,,,,,,,,,,,,,,,,,,,,,,,,,,0,80.0,1,1.87,,,,,,,,1969.5630260273974,,,,,,,,,,,,,,,,,,,,,,,,,,,82.0
20150903,23.695890410958903,1969.5445191780823,15.9,,,,,,,,,,,,,,,,,,,,,,,,,,,,0,80.0,1,1.87,,,,,,,,1969.5445191780823,,,,,,,,,,,,,,,,,,,,,,,,,,,82.0
20150904,23.698630136986303,1969.5260123287674,15.9,,,,,,,,,,,,,,,,,,,,,,,,,,,,0,80.0,1,1.87,,,,,,,,1969.5260123287674,,,,,,,,,,,,,,,,,,,,,,,,,,,82.0
20150905,23.7013698630137,1969.5075054794522,15.9,,,,,,,,,,,,,,,,,,,,,,,,,,,,0,80.0,1,1.87,,,,,,,,1969.5075054794522,,,,,,,,,,,,,,,,,,,,,,,,,,,82.0
20150906,23.704109589041096,1969.488998630137,15.9,,,,,,,,,,,,,,,,,,,,,,,,,,,,0,80.0,1,1.87,,,,,,,,1969.488998630137,,,,,,,,,,,,,,,,,,,,,,,,,,,82.0
20150907,23.706849315068492,1969.4704917808222,15.9,,,,,,,,,,,,,,,,,,,,,,,,,,,,0,80.0,1,1.87,,,,,,,,1969.4704917808222,,,,,,,,,,,,,,,,,,,,,,,,,,,82.0
20150908,23.70958904109589,1969.451984931507,15.9,,,,,,,,,,,,,,,,,,,,,,,,,,,,0,80.0,1,1.87,,,,,,,,1969.451984931507,,,,,,,,,,,,,,,,,,,,,,,,,,,82.0
20150909,23.71232876712329,1969.4334780821919,15.9,,,,,,,,,,,,,,,,,,,,,,,,,,,,0,80.0,1,1.87,,,,,,,,1969.4334780821919,,,,,,,,,,,,,,,,,,,,,,,,,,,82.0
20150910,23.715068493150685,1969.414971232877,15.9,,,,,,,,,,,,,,,,,,,,,,,,,,,,0,80.0,1,1.87,,,,,,,,1969.414971232877,,,,,,,,,,,,,,,,,,,,,,,,,,,82.0
20150911,23.71780821917808,1969.3964643835618,15.9,,,,,,,,,,,,,,,,,,,,,,,,,,,,0,80.0,1,1.87,,,,,,,,1969.3964643835618,,,,,,,,,,,,,,,,,,,,,,,,,,,82.0
20150912,23.720547945205478,1969.3779575342467,15.9,,,,,,,,,,,,,,,,,,,,,,,,,,,,0,80.0,1,1.87,,,,,,,,1969.3779575342467,,,,,,,,,,,,,,,,,,,,,,,,,,,82.0
20150913,23.723287671232878,1969.3594506849317,15.9,,,,,,,,,,,,,,,,,,,,,,,,,,,,0,80.0,1,1.87,,,,,,,,1969.3594506849317,,,,,,,,,,,,,,,,,,,,,,,,,,,82.0
20150914,23.726027397260275,1969.3409438356166,15.9,,,,,,,,,,,,,,,,,,,,,,,,,,,,0,80.0,1,1.87,,,,,,,,1969.3409438356166,,,,,,,,,,,,,,,,,,,,,,,,,,,82.0
20150915,23.72876712328767,1969.3224369863015,15.9,,,,,,,,,,,,,,,,,,,,,,,,,,,,0,80.0,1,1.87,,,,,,,,1969.3224369863015,,,,,,,,,,,,,,,,,,,,,,,,,,,82.0
20150916,23.731506849315068,1969.3039301369865,15.9,,,,,,,,,,,,,,,,,,,,,,,,,,,,0,80.0,1,1.87,,,,,,,,1969.3039301369865,,,,,,,,,,,,,,,,,,,,,,,,,,,82.0
20150917,23.734246575342464,1969.2854232876714,15.9,,,,,,,,,,,,,,,,,,,,,,,,,,,,0,80.0,1,1.87,,,,,,,,1969.2854232876714,,,,,,,,,,,,,,,,,,,,,,,,,,,82.0
20150918,23.736986301369864,1969.2669164383562,15.9,,,,,,,,,,,,,,,,,,,,,,,,,,,,0,80.0,1,1.87,,,,,,,,1969.2669164383562,,,,,,,,,,,,,,,,,,,,,,,,,,,82.0
20150919,23.73972602739726,1969.2484095890413,15.9,,,,,,,,,,,,,,,,,,,,,,,,,,,,0,80.0,1,1.87,,,,,,,,1969.2484095890413,,,,,,,,,,,,,,,,,,,,,,,,,,,82.0
20150920,23.742465753424657,1969.2299027397262,15.9,,,,,,,,,,,,,,,,,,,,,,,,,,,,0,80.0,1,1.87,,,,,,,,1969.2299027397262,,,,,,,,,,,,,,,,,,,,,,,,,,,82.0
20150921,23.745205479452054,1969.211395890411,15.9,,,,,,,,,,,,,,,,,,,,,,,,,,,,0,80.0,1,1.87,,,,,,,,1969.211395890411,,,,,,,,,,,,,,,,,,,,,,,,,,,82.0
20150922,23.747945205479454,1969.1928890410961,15.9,,,,,,,,,,,,,,,,,,,,,,,,,,,,0,80.0,1,1.87,,,,,,,,1969.1928890410961,,,,,,,,,,,,,,,,,,,,,,,,,,,82.0
20150923,23.75068493150685,1969.174382191781,15.9,,,,,,,,,,,,,,,,,,,,,,,,,,,,0,80.0,1,1.87,,,,,,,,1969.174382191781,,,,,,,,,,,,,,,,,,,,,,,,,,,82.0
20150924,23.753424657534246,1969.1558753424658,15.9,,,,,,,,,,,,,,,,,,,,,,,,,,,,0,80.0,1,1.87,,,,,,,,1969.1558753424658,,,,,,,,,,,,,,,,,,,,,,,,,,,82.0
20150925,23.756164383561643,1969.137368493151,15.9,,,,,,,,,,,,,,,,,,,,,,,,,,,,0,80.0,1,1.87,,,,,,,,1969.137368493151,,,,,,,,,,,,,,,,,,,,,,,,,,,82.0
20150926,23.75890410958904,1969.1188616438358,15.9,,,,,,,,,,,,,,,,,,,,,,,,,,,,0,80.0,1,1.87,,,,,,,,1969.1188616438358,,,,,,,,,,,,,,,,,,,,,,,,,,,82.0
20150927,23.76164383561644,1969.1003547945206,15.9,,,,,,,,,,,,,,,,,,,,,,,,,,,,0,80.0,1,1.87,,,,,,,,1969.1003547945206,,,,,,,,,,,,,,,,,,,,,,,,,,,82.0
20150928,23.764383561643836,1969.0818479452057,15.9,,,,,,,,,,,,,,,,,,,,,,,,,,,,0,80.0,1,1.87,,,,,,,,1969.0818479452057,,,,,,,,,,,,,,,,,,,,,,,,,,,82.0
20150929,23.767123287671232,1969.0633410958906,15.9,,,,,,,,,,,,,,,,,,,,,,,,,,,,0,80.0,1,1.87,,,,,,,,1969.0633410958906,,,,,,,,,,,,,,,,,,,,,,,,,,,82.0
20150930,23.76986301369863,1969.0448342465754,15.9,,,,,,,,,,,,,,,,,,,,,,,,,,,,0,80.0,1,1.87,,,,,,,,1969.0448342465754,,,,,,,,,,,,,,,,,,,,,,,,,,,82.0
20151001,23.77260273972603,1969.0263273972605,15.9,,,,,,,,,,,,,,,,,,,,,,,,,,,,0,80.0,1,1.87,,,,,,,,1969.0263273972605,,,,,,,,,,,,,,,,,,,,,,,,,,,82.0
20151002,23.775342465753425,1969.0078205479454,15.9,,,,,,,,,,,,,,,,,,,,,,,,,,,,0,80.0,1,1.87,,,,,,,,1969.0078205479454,,,,,,,,,,,,,,,,,,,,,,,,,,,82.0
20151003,23.778082191780822,1968.9893136986302,15.9,,,,,,,,,,,,,,,,,,,,,,,,,,,,0,80.0,1,1.87,,,,,,,,1968.9893136986302,,,,,,,,,,,,,,,,,,,,,,,,,,,82.0
20151004,23.78082191780822,1968.9708068493153,15.9,,,,,,,,,,,,,,,,,,,,,,,,,,,,0,80.0,1,1.87,,,,,,,,1968.9708068493153,,,,,,,,,,,,,,,,,,,,,,,,,,,82.0
20151005,23.783561643835615,1968.9523000000002,15.9,,,,,,,,,,,,,,,,,,,,,,,,,,,,0,80.0,1,1.87,,,,,,,,1968.9523000000002,,,,,,,,,,,,,,,,,,,,,,,,,,,82.0
20151006,23.786301369863015,1968.933793150685,15.9,,,,,,,,,,,,,,,,,,,,,,,,,,,,0,80.0,1,1.87,,,,,,,,1968.933793150685,,,,,,,,,,,,,,,,,,,,,,,,,,,82.0
20151007,23.78904109589041,1968.91528630137,15.9,,,,,,,,,,,,,,,,,,,,,,,,,,,,0,80.0,1,1.87,,,,,,,,1968.91528630137,,,,,,,,,,,,,,,,,,,,,,,,,,,82.0
20151008,23.791780821917808,1968.896779452055,15.9,,,,,,,,,,,,,,,,,,,,,,,,,,,,0,80.0,1,1.87,,,,,,,,1968.896779452055,,,,,,,,,,,,,,,,,,,,,,,,,,,82.0
20151009,23.794520547945204,1968.8782726027398,15.9,,,,,,,,,,,,,,,,,,,,,,,,,,,,0,80.0,1,1.87,,,,,,,,1968.8782726027398,,,,,,,,,,,,,,,,,,,,,,,,,,,82.0
20151010,23.797260273972604,1968.8597657534249,15.9,,,,,,,,,,,,,,,,,,,,,,,,,,,,0,80.0,1,1.87,,,,,,,,1968.8597657534249,,,,,,,,,,,,,,,,,,,,,,,,,,,82.0
20151011,23.8,1968.8412589041097,15.9,,,,,,,,,,,,,,,,,,,,,,,,,,,,0,80.0,1,1.87,,,,,,,,1968.8412589041097,,,,,,,,,,,,,,,,,,,,,,,,,,,82.0
20151012,23.802739726027397,1968.8227520547946,15.9,,,,,,,,,,,,,,,,,,,,,,,,,,,,0,80.0,1,1.87,,,,,,,,1968.8227520547946,,,,,,,,,,,,,,,,,,,,,,,,,,,82.0
20151013,23.805479452054794,1968.8042452054797,15.9,,,,,,,,,,,,,,,,,,,,,,,,,,,,0,80.0,1,1.87,,,,,,,,1968.8042452054797,,,,,,,,,,,,,,,,,,,,,,,,,,,82.0
20151014,23.80821917808219,1968.7857383561645,15.9,,,,,,,,,,,,,,,,,,,,,,,,,,,,0,80.0,1,1.87,,,,,,,,1968.7857383561645,,,,,,,,,,,,,,,,,,,,,,,,,,,82.0
20151015,23.81095890410959,1968.7672315068494,15.9,,,,,,,,,,,,,,,,,,,,,,,,,,,,0,80.0,1,1.87,,,,,,,,145.67510313684363,,,,,,,,,,,,,,,,,,,,,,,,,,,82.0
20151016,23.813698630136987,1968.7487246575345,15.9,,,,,,,,,,,,,,,,,,,,,,,,,,,,0,80.0,1,1.87,,,,,,,,0.0,,,,,,,,,,,,,,,,,,,,,,,,,,,82.0
20151017,23.816438356164383,1968.7302178082193,15.9,,,,,,,,,,,,,,,,,,,,,,,,,,,,0,80.0,1,1.87,,,,,,,,0.0,,,,,,,,,,,,,,,,,,,,,,,,,,,82.0
20151018,23.81917808219178,1968.7117109589042,15.9,,,,,,,,,,,,,,,,,,,,,,,,,,,,0,80.0,1,1.87,,,,,,,,0.0,,,,,,,,,,,,,,,,,,,,,,,,,,,82.0
20151019,23.82191780821918,1968.6932041095893,15.9,,,,,,,,,,,,,,,,,,,,,,,,,,,,0,80.0,1,1.87,,,,,,,,0.0,,,,,,,,,,,,,,,,,,,,,,,,,,,82.0
20151020,23.824657534246576,1968.6746972602741,15.9,,,,,,,,,,,,,,,,,,,,,,,,,,,,0,80.0,1,1.87,,,,,,,,0.0,,,,,,,,,,,,,,,,,,,,,,,,,,,82.0
20151021,23.827397260273973,1968.656190410959,15.9,,,,,,,,,,,,,,,,,,,,,,,,,,,,0,80.0,1,1.87,,,,,,,,0.0,,,,,,,,,,,,,,,,,,,,,,,,,,,82.0
20151022,23.83013698630137,1968.637683561644,15.9,,,,,,,,,,,,,,,,,,,,,,,,,,,,0,80.0,1,1.87,,,,,,,,0.0,,,,,,,,,,,,,,,,,,,,,,,,,,,82.0
20151023,23.832876712328765,1968.619176712329,15.9,,,,,,,,,,,,,,,,,,,,,,,,,,,,0,80.0,1,1.87,,,,,,,,0.0,,,,,,,,,,,,,,,,,,,,,,,,,,,82.0
20151024,23.835616438356166,1968.6006698630138,15.9,,,,,,,,,,,,,,,,,,,,,,,,,,,,0,80.0,1,1.87,,,,,,,,0.0,,,,,,,,,,,,,,,,,,,,,,,,,,,82.0
20151025,23.838356164383562,1968.5821630136988,15.9,,,,,,,,,,,,,,,,,,,,,,,,,,,,0,80.0,1,1.87,,,,,,,,0.0,,,,,,,,,,,,,,,,,,,,,,,,,,,82.0
20151026,23.84109589041096,1968.5636561643837,15.9,,,,,,,,,,,,,,,,,,,,,,,,,,,,0,80.0,1,1.87,,,,,,,,0.0,,,,,,,,,,,,,,,,,,,,,,,,,,,82.0
20151027,23.843835616438355,1968.5451493150686,15.9,,,,,,,,,,,,,,,,,,,,,,,,,,,,0,80.0,1,1.87,,,,,,,,0.0,,,,,,,,,,,,,,,,,,,,,,,,,,,82.0
20151028,23.846575342465755,1968.5266424657536,15.9,,,,,,,,,,,,,,,,,,,,,,,,,,,,0,80.0,1,1.87,,,,,,,,0.0,,,,,,,,,,,,,,,,,,,,,,,,,,,82.0
20151029,23.84931506849315,1968.5081356164385,15.9,,,,,,,,,,,,,,,,,,,,,,,,,,,,0,80.0,1,1.87,,,,,,,,0.0,,,,,,,,,,,,,,,,,,,,,,,,,,,82.0
20151030,23.852054794520548,1968.4896287671236,15.9,,,,,,,,,,,,,,,,,,,,,,,,,,,,0,80.0,1,1.87,,,,,,,,0.0,,,,,,,,,,,,,,,,,,,,,,,,,,,82.0
20151031,23.854794520547944,1968.4711219178084,15.9,,,,,,,,,,,,,,,,,,,,,,,,,,,,0,80.0,1,1.87,,,,,,,,0.0,,,,,,,,,,,,,,,,,,,,,,,,,,,82.0
20151101,23.85753424657534,1968.4526150684933,15.9,,,,,,,,,,,,,,,,,,,,,,,,,,,,0,80.0,1,1.87,,,,,,,,0.0,,,,,,,,,,,,,,,,,,,,,,,,,,,82.0
20151102,23.86027397260274,1968.4341082191781,15.9,,,,,,,,,,,,,,,,,,,,,,,,,,,,0,80.0,1,1.87,,,,,,,,0.0,,,,,,,,,,,,,,,,,,,,,,,,,,,82.0
20151103,23.863013698630137,1968.4156013698632,15.9,,,,,,,,,,,,,,,,,,,,,,,,,,,,0,80.0,1,1.87,,,,,,,,0.0,,,,,,,,,,,,,,,,,,,,,,,,,,,82.0
20151104,23.865753424657534,1968.397094520548,15.9,,,,,,,,,,,,,,,,,,,,,,,,,,,,0,80.0,1,1.87,,,,,,,,0.0,,,,,,,,,,,,,,,,,,,,,,,,,,,82.0
20151105,23.86849315068493,1968.378587671233,15.9,,,,,,,,,,,,,,,,,,,,,,,,,,,,0,80.0,1,1.87,,,,,,,,0.0,,,,,,,,,,,,,,,,,,,,,,,,,,,82.0
20151106,23.87123287671233,1968.360080821918,15.9,,,,,,,,,,,,,,,,,,,,,,,,,,,,0,80.0,1,1.87,,,,,,,,0.0,,,,,,,,,,,,,,,,,,,,,,,,,,,82.0
20151107,23.873972602739727,1968.3415739726029,15.9,,,,,,,,,,,,,,,,,,,,,,,,,,,,0,80.0,1,1.87,,,,,,,,0.0,,,,,,,,,,,,,,,,,,,,,,,,,,,82.0
20151108,23.876712328767123,1968.3230671232877,15.9,,,,,,,,,,,,,,,,,,,,,,,,,,,,0,80.0,1,1.87,,,,,,,,0.0,,,,,,,,,,,,,,,,,,,,,,,,,,,82.0
20151109,23.87945205479452,1968.3045602739728,15.9,,,,,,,,,,,,,,,,,,,,,,,,,,,,0,80.0,1,1.87,,,,,,,,0.0,,,,,,,,,,,,,,,,,,,,,,,,,,,82.0
20151110,23.882191780821916,1968.2860534246577,15.9,,,,,,,,,,,,,,,,,,,,,,,,,,,,0,80.0,1,1.87,,,,,,,,0.0,,,,,,,,,,,,,,,,,,,,,,,,,,,82.0
20151111,23.884931506849316,1968.2675465753427,15.9,,,,,,,,,,,,,,,,,,,,,,,,,,,,0,80.0,1,1.87,,,,,,,,0.0,,,,,,,,,,,,,,,,,,,,,,,,,,,82.0
20151112,23.887671232876713,1968.2490397260276,15.9,,,,,,,,,,,,,,,,,,,,,,,,,,,,0,80.0,1,1.87,,,,,,,,0.0,,,,,,,,,,,,,,,,,,,,,,,,,,,82.0
20151113,23.89041095890411,1968.2305328767125,15.9,,,,,,,,,,,,,,,,,,,,,,,,,,,,0,80.0,1,1.87,,,,,,,,0.0,,,,,,,,,,,,,,,,,,,,,,,,,,,82.0
20151114,23.893150684931506,1968.2120260273973,15.9,,,,,,,,,,,,,,,,,,,,,,,,,,,,0,80.0,1,1.87,,,,,,,,0.0,,,,,,,,,,,,,,,,,,,,,,,,,,,82.0
20151115,23.895890410958906,1968.1935191780824,15.9,,,,,,,,,,,,,,,,,,,,,,,,,,,,0,80.0,1,1.87,,,,,,,,0.0,,,,,,,,,,,,,,,,,,,,,,,,,,,82.0
20151116,23.898630136986302,1968.1750123287673,15.9,,,,,,,,,,,,,,,,,,,,,,,,,,,,0,80.0,1,1.87,,,,,,,,0.0,,,,,,,,,,,,,,,,,,,,,,,,,,,82.0
20151117,23.9013698630137,1968.1565054794523,15.9,,,,,,,,,,,,,,,,,,,,,,,,,,,,0,80.0,1,1.87,,,,,,,,0.0,,,,,,,,,,,,,,,,,,,,,,,,,,,82.0
20151118,23.904109589041095,1968.1379986301372,15.9,,,,,,,,,,,,,,,,,,,,,,,,,,,,0,80.0,1,1.87,,,,,,,,0.0,,,,,,,,,,,,,,,,,,,,,,,,,,,82.0
20151119,23.90684931506849,1968.119491780822,15.9,,,,,,,,,,,,,,,,,,,,,,,,,,,,0,80.0,1,1.87,,,,,,,,0.0,,,,,,,,,,,,,,,,,,,,,,,,,,,82.0
20151120,23.90958904109589,1968.100984931507,15.9,,,,,,,,,,,,,,,,,,,,,,,,,,,,0,80.0,1,1.87,,,,,,,,0.0,,,,,,,,,,,,,,,,,,,,,,,,,,,82.0
20151121,23.912328767123288,1968.082478082192,15.9,,,,,,,,,,,,,,,,,,,,,,,,,,,,0,80.0,1,1.87,,,,,,,,0.0,,,,,,,,,,,,,,,,,,,,,,,,,,,82.0
20151122,23.915068493150685,1968.0639712328768,15.9,,,,,,,,,,,,,,,,,,,,,,,,,,,,0,80.0,1,1.87,,,,,,,,0.0,,,,,,,,,,,,,,,,,,,,,,,,,,,82.0
20151123,23.91780821917808,1968.045464383562,15.9,,,,,,,,,,,,,,,,,,,,,,,,,,,,0,80.0,1,1.87,,,,,,,,0.0,,,,,,,,,,,,,,,,,,,,,,,,,,,82.0
20151124,23.92054794520548,1968.0269575342468,15.9,,,,,,,,,,,,,,,,,,,,,,,,,,,,0,80.0,1,1.87,,,,,,,,0.0,,,,,,,,,,,,,,,,,,,,,,,,,,,82.0
20151125,23.923287671232877,1968.0084506849316,15.9,,,,,,,,,,,,,,,,,,,,,,,,,,,,0,80.0,1,1.87,,,,,,,,0.0,,,,,,,,,,,,,,,,,,,,,,,,,,,82.0
20151126,23.926027397260274,1967.9899438356165,15.9,,,,,,,,,,,,,,,,,,,,,,,,,,,,0,80.0,1,1.87,,,,,,,,0.0,,,,,,,,,,,,,,,,,,,,,,,,,,,82.0
20151127,23.92876712328767,1967.9714369863016,15.9,,,,,,,,,,,,,,,,,,,,,,,,,,,,0,80.0,1,1.87,,,,,,,,0.0,,,,,,,,,,,,,,,,,,,,,,,,,,,82.0
20151128,23.931506849315067,1967.9529301369864,15.9,,,,,,,,,,,,,,,,,,,,,,,,,,,,0,80.0,1,1.87,,,,,,,,0.0,,,,,,,,,,,,,,,,,,,,,,,,,,,82.0
20151129,23.934246575342467,1967.9344232876715,15.9,,,,,,,,,,,,,,,,,,,,,,,,,,,,0,80.0,1,1.87,,,,,,,,0.0,,,,,,,,,,,,,,,,,,,,,,,,,,,82.0
20151130,23.936986301369863,1967.9159164383564,15.9,,,,,,,,,,,,,,,,,,,,,,,,,,,,0,80.0,1,1.87,,,,,,,,0.0,,,,,,,,,,,,,,,,,,,,,,,,,,,82.0
20151201,23.93972602739726,1967.8974095890412,15.9,,,,,,,,,,,,,,,,,,,,,,,,,,,,0,80.0,1,1.87,,,,,,,,0.0,,,,,,,,,,,,,,,,,,,,,,,,,,,82.0
20151202,23.942465753424656,1967.878902739726,15.9,,,,,,,,,,,,,,,,,,,,,,,,,,,,0,80.0,1,1.87,,,,,,,,0.0,,,,,,,,,,,,,,,,,,,,,,,,,,,82.0
20151203,23.945205479452056,1967.8603958904112,15.9,,,,,,,,,,,,,,,,,,,,,,,,,,,,0,80.0,1,1.87,,,,,,,,0.0,,,,,,,,,,,,,,,,,,,,,,,,,,,82.0
20151204,23.947945205479453,1967.841889041096,15.9,,,,,,,,,,,,,,,,,,,,,,,,,,,,0,80.0,1,1.87,,,,,,,,0.0,,,,,,,,,,,,,,,,,,,,,,,,,,,82.0
20151205,23.95068493150685,1967.823382191781,15.9,,,,,,,,,,,,,,,,,,,,,,,,,,,,0,80.0,1,1.87,,,,,,,,0.0,,,,,,,,,,,,,,,,,,,,,,,,,,,82.0
20151206,23.953424657534246,1967.804875342466,15.9,,,,,,,,,,,,,,,,,,,,,,,,,,,,0,80.0,1,1.87,,,,,,,,0.0,,,,,,,,,,,,,,,,,,,,,,,,,,,82.0
20151207,23.956164383561642,1967.7863684931508,15.9,,,,,,,,,,,,,,,,,,,,,,,,,,,,0,80.0,1,1.87,,,,,,,,0.0,,,,,,,,,,,,,,,,,,,,,,,,,,,82.0
20151208,23.958904109589042,1967.7678616438357,15.9,,,,,,,,,,,,,,,,,,,,,,,,,,,,0,80.0,1,1.87,,,,,,,,0.0,,,,,,,,,,,,,,,,,,,,,,,,,,,82.0
20151209,23.96164383561644,1967.7493547945207,15.9,,,,,,,,,,,,,,,,,,,,,,,,,,,,0,80.0,1,1.87,,,,,,,,0.0,,,,,,,,,,,,,,,,,,,,,,,,,,,82.0
20151210,23.964383561643835,1967.7308479452056,15.9,,,,,,,,,,,,,,,,,,,,,,,,,,,,0,80.0,1,1.87,,,,,,,,0.0,,,,,,,,,,,,,,,,,,,,,,,,,,,82.0
20151211,23.96712328767123,1967.7123410958907,15.9,,,,,,,,,,,,,,,,,,,,,,,,,,,,0,80.0,1,1.87,,,,,,,,0.0,,,,,,,,,,,,,,,,,,,,,,,,,,,82.0
20151212,23.96986301369863,1967.6938342465755,15.9,,,,,,,,,,,,,,,,,,,,,,,,,,,,0,80.0,1,1.87,,,,,,,,0.0,,,,,,,,,,,,,,,,,,,,,,,,,,,82.0
20151213,23.972602739726028,1967.6753273972604,15.9,,,,,,,,,,,,,,,,,,,,,,,,,,,,0,80.0,1,1.87,,,,,,,,0.0,,,,,,,,,,,,,,,,,,,,,,,,,,,82.0
20151214,23.975342465753425,1967.6568205479452,15.9,,,,,,,,,,,,,,,,,,,,,,,,,,,,0,80.0,1,1.87,,,,,,,,0.0,,,,,,,,,,,,,,,,,,,,,,,,,,,82.0
20151215,23.97808219178082,1967.6383136986303,15.9,,,,,,,,,,,,,,,,,,,,,,,,,,,,0,80.0,1,1.87,,,,,,,,0.0,,,,,,,,,,,,,,,,,,,,,,,,,,,82.0
20151216,23.980821917808218,1967.6198068493152,15.9,,,,,,,,,,,,,,,,,,,,,,,,,,,,0,80.0,1,1.87,,,,,,,,0.0,,,,,,,,,,,,,,,,,,,,,,,,,,,82.0
20151217,23.983561643835618,1967.6013000000003,15.9,,,,,,,,,,,,,,,,,,,,,,,,,,,,0,80.0,1,1.87,,,,,,,,0.0,,,,,,,,,,,,,,,,,,,,,,,,,,,82.0
20151218,23.986301369863014,1967.5827931506851,15.9,,,,,,,,,,,,,,,,,,,,,,,,,,,,0,80.0,1,1.87,,,,,,,,0.0,,,,,,,,,,,,,,,,,,,,,,,,,,,82.0
20151219,23.98904109589041,1967.56428630137,15.9,,,,,,,,,,,,,,,,,,,,,,,,,,,,0,80.0,1,1.87,,,,,,,,0.0,,,,,,,,,,,,,,,,,,,,,,,,,,,82.0
20151220,23.991780821917807,1967.5457794520548,15.9,,,,,,,,,,,,,,,,,,,,,,,,,,,,0,80.0,1,1.87,,,,,,,,0.0,,,,,,,,,,,,,,,,,,,,,,,,,,,82.0
20151221,23.994520547945207,1967.52727260274,15.9,,,,,,,,,,,,,,,,,,,,,,,,,,,,0,80.0,1,1.87,,,,,,,,0.0,,,,,,,,,,,,,,,,,,,,,,,,,,,82.0
20151222,23.997260273972604,1967.5087657534248,15.9,,,,,,,,,,,,,,,,,,,,,,,,,,,,0,80.0,1,1.87,,,,,,,,0.0,,,,,,,,,,,,,,,,,,,,,,,,,,,82.0
20151223,24.0,1967.4902589041099,15.9,,,,,,,,,,,,,,,,,,,,,,,,,,,,0,80.0,1,1.87,,,,,,,,0.0,,,,,,,,,,,,,,,,,,,,,,,,,,,82.0
20151224,24.002732240437158,1967.4717520547947,15.9,,,,,,,,,,,,,,,,,,,,,,,,,,,,0,80.0,1,1.87,,,,,,,,0.0,,,,,,,,,,,,,,,,,,,,,,,,,,,82.0
20151225,24.005464480874316,1967.4532452054796,15.9,,,,,,,,,,,,,,,,,,,,,,,,,,,,0,80.0,1,1.87,,,,,,,,0.0,,,,,,,,,,,,,,,,,,,,,,,,,,,82.0
20151226,24.008196721311474,1967.4347383561644,15.9,,,,,,,,,,,,,,,,,,,,,,,,,,,,0,80.0,1,1.87,,,,,,,,0.0,,,,,,,,,,,,,,,,,,,,,,,,,,,82.0
20151227,24.010928961748633,1967.4162315068495,15.9,,,,,,,,,,,,,,,,,,,,,,,,,,,,0,80.0,1,1.87,,,,,,,,0.0,,,,,,,,,,,,,,,,,,,,,,,,,,,82.0
20151228,24.01366120218579,1967.3977246575344,15.9,,,,,,,,,,,,,,,,,,,,,,,,,,,,0,80.0,1,1.87,,,,,,,,0.0,,,,,,,,,,,,,,,,,,,,,,,,,,,82.0
20151229,24.016393442622952,1967.3792178082194,15.9,,,,,,,,,,,,,,,,,,,,,,,,,,,,0,80.0,1,1.87,,,,,,,,0.0,,,,,,,,,,,,,,,,,,,,,,,,,,,82.0
20151230,24.01912568306011,1967.3607109589043,15.9,,,,,,,,,,,,,,,,,,,,,,,,,,,,0,80.0,1,1.87,,,,,,,,0.0,,,,,,,,,,,,,,,,,,,,,,,,,,,82.0
20151231,24.02185792349727,1967.3422041095891,15.9,,,,,,,,,,,,,,,,,,,,,,,,,,,,0,80.0,1,1.87,,,,,,,,0.0,,,,,,,,,,,,,,,,,,,,,,,,,,,82.0
