"","DATE","age","bmr","height","m_active_time","m_calories","m_distance","m_inactive_time","m_lcat","m_lcit","m_steps","m_total_calories","s_asleep_time","s_awake","s_awake_time","s_awakenings","s_bedtime","s_clinical_deep","s_count","s_deep","s_duration","s_light","s_quality","s_rem","weight"
"1",20150101,23.0246575342466,1974.07869726027,1.87,2285,228.592948046758,3819,29700,163,13080,4399,2202.67164530703,17699,3787,41400,1,14931,0,1,9840,22859,13019,63,0,82
"2",20150102,23.027397260274,1974.06019041096,1.87,2629,274.352310160581,4372,28680,344,10680,5072,2248.41250057154,7440,665,42900,1,7050,0,1,15322,35473,20151,100,0,82
"3",20150103,23.0301369863014,1974.04168356164,1.87,3717,390.073348916013,6297,28740,509,11760,7220,2364.11503247766,9118,703,39900,0,8445,0,1,12779,30841,18062,85,0,82
"4",20150104,23.0328767123288,1974.02317671233,1.87,6695,662.664357265096,10858,25080,1159,12900,12641,2636.68753397742,7317,1669,41400,1,6551,0,1,18275,33335,15060,100,0,82
"5",20150105,23.0356164383562,1974.00466986301,1.87,12726,1428.58560264246,17297,24360,2166,5760,20215,3402.59027250547,2759,1039,24900,1,2119,0,1,6867,21746,14879,55,0,82
"6",20150106,23.0383561643836,1973.9861630137,1.87,5994,545.910633169352,9456,26940,1178,4380,11206,2519.89679618305,778,1563,23400,0,-79,0,1,8644,22756,14112,59,0,82
"7",20150107,23.041095890411,1973.96765616438,1.87,4389,429.661654721637,7160,26880,916,9360,8400,2403.62931088602,NA,NA,NA,NA,NA,NA,NA,NA,NA,NA,NA,NA,82
"8",20150108,23.0438356164384,1973.94914931507,1.87,6017,610.895366983421,9932,26040,819,3000,11535,2584.84451629849,839,1717,26400,3,564,0,1,9798,24282,14484,66,0,82
"9",20150109,23.0465753424658,1973.93064246575,1.87,4059,400.316949828373,6595,25980,671,7680,7715,2374.24759229413,6300,0,34800,0,6300,0,1,0,28500,0,0,0,82
"10",20150110,23.0493150684932,1973.91213561644,1.87,1784,214.049469589872,3206,28800,202,8760,3589,2187.96160520631,5400,466,35400,0,5013,0,1,11581,29967,18386,81,0,82
"11",20150111,23.0520547945205,1973.89362876712,1.87,6970,726.45000804553,7769,22080,1080,3360,9193,2700.34363681265,720,3259,32100,4,-273,0,1,15178,29234,14056,85,0,82
"12",20150112,23.0547945205479,1973.87512191781,1.87,7541,752.552498081591,12412,24060,1223,4560,14461,2726.4276199994,899,2492,32400,0,-824,0,1,14959,31535,16576,93,0,82
"13",20150113,23.0575342465753,1973.85661506849,1.87,8425,844.844986612803,13847,24900,1323,4680,16166,2818.7016016813,599,2917,33300,1,-1560,0,1,12181,32179,19998,88,0,82
"14",20150114,23.0602739726027,1973.83810821918,1.87,3258,290.6248161505,5169,25740,524,3060,6138,2264.46292436968,3299,1897,25800,2,2582,0,1,8243,22032,13789,57,0,82
"15",20150115,23.0630136986301,1973.81960136986,1.87,65,6.151479303782,105,0,32,0,124,1979.97108067365,-3242,4059,27900,4,-4815,0,1,17036,28841,11805,90,0,82
"16",20150116,23.0657534246575,1973.80109452055,1.87,1620,130.987848830071,2342,31440,905,27780,2894,2104.78894335062,NA,NA,NA,NA,NA,NA,NA,NA,NA,NA,NA,NA,82
"17",20150117,23.0684931506849,1973.78258767123,1.87,6,0.747309029102325,11,20340,6,20340,13,1974.52989670034,NA,NA,NA,NA,NA,NA,NA,NA,NA,NA,NA,NA,82
"18",20150118,23.0712328767123,1973.76408082192,1.87,348,29.5531372425421,520,32400,200,32400,638,2003.31721806446,NA,NA,NA,NA,NA,NA,NA,NA,NA,NA,NA,NA,82
"19",20150119,23.0739726027397,1973.7455739726,1.87,462,39.2636530993473,692,8460,246,4740,846,2013.00922707195,NA,NA,NA,NA,NA,NA,NA,NA,NA,NA,NA,NA,82
"20",20150120,23.0767123287671,1973.72706712329,1.87,NA,NA,NA,NA,NA,NA,NA,1973.72706712329,NA,NA,NA,NA,NA,NA,NA,NA,NA,NA,NA,NA,82
"21",20150121,23.0794520547945,1973.70856027397,1.87,NA,NA,NA,NA,NA,NA,NA,1973.70856027397,NA,NA,NA,NA,NA,NA,NA,NA,NA,NA,NA,NA,82
"22",20150122,23.0821917808219,1973.69005342466,1.87,NA,NA,NA,NA,NA,NA,NA,1973.69005342466,NA,NA,NA,NA,NA,NA,NA,NA,NA,NA,NA,NA,82
"23",20150123,23.0849315068493,1973.67154657534,1.87,NA,NA,NA,NA,NA,NA,NA,1973.67154657534,NA,NA,NA,NA,NA,NA,NA,NA,NA,NA,NA,NA,82
"24",20150124,23.0876712328767,1973.65303972603,1.87,NA,NA,NA,NA,NA,NA,NA,1973.65303972603,NA,NA,NA,NA,NA,NA,NA,NA,NA,NA,NA,NA,82
"25",20150125,23.0904109589041,1973.63453287671,1.87,487,46.4224268793689,803,32400,314,32400,940,2020.05695975608,NA,NA,NA,NA,NA,NA,NA,NA,NA,NA,NA,NA,82
"26",20150126,23.0931506849315,1973.6160260274,1.87,9681,1008.85566326817,13129,23400,1922,5400,15628,2982.47168929557,3299,1471,24000,1,2537,0,1,8880,20157,11277,55,0,82
"27",20150127,23.0958904109589,1973.59751917808,1.87,4008,355.552263959266,6179,27480,960,6960,7426,2329.14978313735,2579,1025,35700,1,1886,0,1,15618,32906,17288,95,0,82
"28",20150128,23.0986301369863,1973.57901232877,1.87,4561,506.0081223544,7908,27360,1054,6900,9058,2479.58713468317,2640,2193,35100,1,1759,0,1,14296,31225,16929,90,0,82
"29",20150129,23.1013698630137,1973.56050547945,1.87,2118,195.795938979943,3140,30960,272,11580,3826,2169.35644445939,-2040,1952,21600,1,-3014,0,1,5925,23133,17208,55,0,82
"30",20150130,23.1041095890411,1973.54199863014,1.87,4901,488.719094039639,8007,25020,878,8340,9354,2462.26109266978,10858,1548,36300,2,10475,0,1,13668,24585,10917,72,0,82
"31",20150131,23.1068493150685,1973.52349178082,1.87,1077,106.539323151264,1768,21120,240,9420,2063,2080.06281493209,17339,1969,37200,2,16658,0,1,3060,18772,15712,42,0,82
"32",20150201,23.1095890410959,1973.50498493151,1.87,116,12.1924417019156,194,32400,75,32400,226,1985.69742663342,NA,NA,NA,NA,NA,NA,NA,NA,NA,NA,NA,NA,82
"33",20150202,23.1123287671233,1973.48647808219,1.87,3687,366.299542664195,6009,26400,695,4380,7039,2339.78602074639,6479,701,28200,0,5788,0,1,10382,21891,11509,62,0,82
"34",20150203,23.1150684931507,1973.46797123288,1.87,4304,375.437423476156,6537,27180,517,6360,7902,2348.90539470903,-1562,2392,26400,2,-2589,0,1,10337,26675,16338,72,0,82
"35",20150204,23.1178082191781,1973.44946438356,1.87,4421,430.987217731016,7213,27420,866,7680,8438,2404.43668211458,NA,NA,NA,NA,NA,NA,NA,NA,NA,NA,NA,NA,82
"36",20150205,23.1205479452055,1973.43095753425,1.87,3782,369.094162314225,6038,28740,527,8640,7116,2342.52511984847,4920,1069,36900,0,3854,0,1,19380,32049,12669,100,0,82
"37",20150206,23.1232876712329,1973.41245068493,1.87,4111,383.035690507771,6467,26580,499,4440,7700,2356.4481411927,5578,1703,29100,2,4464,0,1,11076,23097,12021,64,0,82
"38",20150207,23.1260273972603,1973.39394383562,1.87,2016,211.70706246849,3383,27540,530,8040,3905,2185.10100630411,8939,1345,36900,0,7828,0,1,12603,27907,15304,79,0,82
"39",20150208,23.1287671232877,1973.3754369863,1.87,3135,309.085358947055,5040,31260,428,8220,5924,2282.46079593336,17100,597,36600,0,16505,0,1,8578,19723,11145,55,0,82
"40",20150209,23.1315068493151,1973.35693013699,1.87,3855,401.060188738256,6448,27900,823,6120,7408,2374.41711887524,3058,2609,30300,1,2010,0,1,10800,25801,15001,70,0,82
"41",20150210,23.1342465753425,1973.33842328767,1.87,7754,833.113666878298,10800,24660,1170,8340,12845,2806.45209016597,3000,1677,29700,0,2282,0,1,10375,26718,16343,72,0,82
"42",20150211,23.1369863013699,1973.31991643836,1.87,5207,562.418619574577,8898,25260,1731,8820,10081,2535.73853601293,5517,1102,37200,1,5135,0,1,12062,31218,19156,84,0,82
"43",20150212,23.1397260273973,1973.30140958904,1.87,4185,419.985304365997,6849,27420,461,8880,8012,2393.28671395504,6660,2289,37500,3,5382,0,1,11857,30069,18212,81,0,82
"44",20150213,23.1424657534247,1973.28290273973,1.87,10417,1327.41927510928,9918,24480,825,6540,11727,3300.70217784901,8520,1386,26100,1,7845,0,1,5521,17044,11523,42,0,82
"45",20150214,23.1452054794521,1973.26439589041,1.87,9597,1132.11414646578,17154,20820,4796,6360,19102,3105.37854235619,3057,2669,34800,2,2350,0,1,11121,30201,19080,82,0,82
"46",20150215,23.1479452054795,1973.2458890411,1.87,7749,701.663229714068,11614,21360,2292,3060,14076,2674.90911875516,-1680,2523,31800,3,-2365,0,1,15070,31700,16630,91,0,82
"47",20150216,23.1506849315068,1973.22738219178,1.87,7211,810.601849718722,9689,24300,1284,7680,11368,2783.8292319105,5998,1252,25800,1,5030,0,1,5961,19677,13716,49,0,82
"48",20150217,23.1534246575342,1973.20887534247,1.87,7092,829.571895015457,12625,22980,2258,4860,14086,2802.78077035792,2279,2397,33600,4,1524,0,1,8989,29799,20810,72,0,82
"49",20150218,23.1561643835616,1973.19036849315,1.87,3121,312.809467419042,5189,29040,481,5940,6029,2285.99983591219,7677,2663,33000,0,6338,0,1,8897,25518,16621,66,0,82
"50",20150219,23.158904109589,1973.17186164384,1.87,5148,506.888324759288,8323,27420,537,6780,9776,2480.06018640312,1437,899,30300,1,827,0,1,11116,28717,17601,77,0,82
"51",20150220,23.1616438356164,1973.15335479452,1.87,4423,401.679870242224,6757,25080,581,6660,8133,2374.83322503674,5217,2151,26400,1,4351,0,1,7357,20438,13081,52,0,82
"52",20150221,23.1643835616438,1973.13484794521,1.87,4932,529.553956612462,8379,27120,982,4920,9598,2502.68880455767,7139,1151,33300,0,6211,0,1,9003,26345,17342,67,0,82
"53",20150222,23.1671232876712,1973.11634109589,1.87,6500,656.37316472667,10604,20520,844,6660,12400,2629.48950582256,13859,1919,28800,0,12769,0,1,8351,14952,6601,45,0,82
"54",20150223,23.1698630136986,1973.09783424658,1.87,3268,311.008817164925,5219,27420,652,5220,6177,2284.1066514115,1978,2137,33000,2,1303,0,1,13628,29562,15934,82,0,82
"55",20150224,23.172602739726,1973.07932739726,1.87,5320,554.9463314115,8922,21960,675,5160,10308,2528.02565880876,8158,1794,38400,1,7478,0,1,9841,29146,19305,76,0,82
"56",20150225,23.1753424657534,1973.06082054795,1.87,5824,622.532367603067,9827,28440,1121,7140,11334,2595.59318815101,6780,2492,35700,2,6067,0,1,10380,27206,16826,71,0,82
"57",20150226,23.1780821917808,1973.04231369863,1.87,4102,382.308942650768,6549,29100,770,11100,7750,2355.3512563494,5459,1649,39600,3,5157,0,1,11882,32811,20929,88,0,82
"58",20150227,23.1808219178082,1973.02380684932,1.87,6683,611.371049575526,10210,24600,794,6840,12285,2584.39485642484,2159,2631,28200,3,1773,0,1,8008,24027,16019,61,0,82
"59",20150228,23.1835616438356,1973.0053,1.87,8793,969.01036781364,15177,17100,2836,5460,17199,2942.01566781364,32699,281,33900,0,32420,0,1,0,1441,1441,2,0,82
"60",20150301,23.186301369863,1972.98679315069,1.87,8806,999.077359710517,15393,17940,2015,5220,17381,2972.0641528612,4979,2393,33300,3,4566,0,1,5655,26572,20917,60,0,82
"61",20150302,23.1890410958904,1972.96828630137,1.87,6386,639.978658594098,10426,24960,1181,3660,12174,2612.94694489547,1858,1700,22800,2,1137,0,1,10663,20234,9571,56,0,82
"62",20150303,23.1917808219178,1972.94977945205,1.87,4611,457.510869816158,7517,27960,1719,8280,8827,2430.46064926821,5999,1496,36900,1,5217,0,1,12302,30283,17981,83,0,82
"63",20150304,23.1945205479452,1972.93127260274,1.87,3105,299.225597165327,5087,26820,346,7440,5930,2272.15686976807,6180,2633,35700,1,4036,0,1,17459,29257,11798,91,0,82
"64",20150305,23.1972602739726,1972.91276575342,1.87,5181,505.151170023097,8368,27360,748,6420,9822,2478.06393577652,9060,1284,29700,1,8079,0,1,7084,20577,13493,53,0,82
"65",20150306,23.2,1972.89425890411,1.87,8987,946.750947598521,15147,25560,2786,9240,17465,2919.64520650263,3118,2728,29100,6,2403,0,1,8400,24070,15670,58,0,82
"66",20150307,23.2027397260274,1972.87575205479,1.87,4879,456.868750965039,7793,26760,1414,6840,9212,2429.74450301983,9718,1525,26100,3,9229,0,1,10097,15623,5526,47,0,82
"67",20150308,23.2054794520548,1972.85724520548,1.87,2549,240.48168831867,4058,29940,567,20100,4812,2213.33893352415,9778,1396,34200,2,9361,0,1,9062,23471,14409,62,0,82
"68",20150309,23.2082191780822,1972.83873835616,1.87,4190,395.128154456491,6700,26280,613,4920,7907,2367.96689281266,2339,1092,29400,1,1953,0,1,13679,26558,12879,77,0,82
"69",20150310,23.2109589041096,1972.82023150685,1.87,4545,439.368459686621,7357,28320,719,12480,8652,2412.18869119347,9359,721,25800,0,8640,0,1,6778,16705,9927,45,0,82
"70",20150311,23.213698630137,1972.80172465753,1.87,3839,361.327524484296,6120,24120,1045,3780,7231,2334.12924914183,899,1782,29100,2,104,0,1,11600,27507,15907,74,0,82
"71",20150312,23.2164383561644,1972.78321780822,1.87,5157,487.631171254228,8157,27480,881,8220,9662,2460.41438906245,5700,1338,36000,0,4364,0,1,10131,30532,20401,79,0,82
"72",20150313,23.2191780821918,1972.7647109589,1.87,7394,766.171080226405,12158,20160,2661,4140,14112,2738.93579118531,7078,2128,29400,2,6237,0,1,8531,21070,12539,57,0,82
"73",20150314,23.2219178082192,1972.74620410959,1.87,8413,984.887185398685,14978,19680,3787,7320,16778,2957.63338950827,11039,680,32100,0,10363,0,1,7571,21074,13503,55,0,82
"74",20150315,23.2246575342466,1972.72769726027,1.87,3229,330.022491037603,5441,28380,1209,5280,6298,2302.75018829788,5278,1203,33900,3,4854,0,1,9959,28083,18124,72,0,82
"75",20150316,23.227397260274,1972.70919041096,1.87,4117,366.675898711585,6283,26280,1033,5700,7583,2339.38508912254,1199,1182,25800,1,304,0,1,7576,24419,16843,62,0,82
"76",20150317,23.2301369863014,1972.69068356164,1.87,2955,276.989054546175,4673,27000,456,9060,5550,2249.67973810782,6058,612,37200,0,5448,0,1,11579,31263,19684,84,0,82
"77",20150318,23.2328767123288,1972.67217671233,1.87,6606,565.549200437286,9755,22440,713,6420,11916,2538.22137714962,57,2557,27000,2,-775,0,1,8176,25787,17611,64,0,82
"78",20150319,23.2356164383562,1972.65366986301,1.87,5145,527.526694150992,8560,28320,1056,10680,9934,2500.18036401401,3598,763,35400,0,2837,0,1,13080,31896,18816,89,0,82
"79",20150320,23.2383561643836,1972.6351630137,1.87,4388,431.723428227274,7115,26100,2400,8520,8351,2404.35859124097,8220,2272,37800,1,7526,0,1,14701,28920,14219,83,0,82
"80",20150321,23.241095890411,1972.61665616438,1.87,5240,568.803253239646,8886,28860,1238,4620,10198,2541.41990940403,8580,991,29400,0,8004,0,1,6178,20904,14726,51,0,82
"81",20150322,23.2438356164384,1972.59814931507,1.87,3851,444.285717278921,6781,31620,2914,11400,7629,2416.88386659399,5880,720,39300,0,5162,0,1,16137,33712,17575,98,0,82
"82",20150323,23.2465753424658,1972.57964246575,1.87,4966,468.161763773537,7889,25500,1050,4740,9363,2440.74140623929,6720,1405,27600,1,6009,0,1,8700,20318,11618,55,0,82
"83",20150324,23.2493150684931,1972.56113561644,1.87,6970,734.394977166273,11805,27180,2143,4680,13548,2706.95611278271,4199,1932,37800,2,3339,0,1,10103,32824,22721,84,0,82
"84",20150325,23.2520547945205,1972.54262876712,1.87,6347,774.832556502405,6793,25680,1627,12420,8127,2747.37518526953,12480,712,39600,0,12181,0,1,10918,26714,15796,73,0,82
"85",20150326,23.2547945205479,1972.52412191781,1.87,8144,922.418241188549,14208,21300,3262,14100,16052,2894.94236310636,11280,783,41400,1,10914,0,1,12358,29787,17429,80,0,82
"86",20150327,23.2575342465753,1972.50561506849,1.87,6615,591.769151421694,10267,21780,673,2940,12294,2564.27476649019,3299,2036,25200,1,2286,0,1,6856,21720,14864,55,0,82
"87",20150328,23.2602739726027,1972.48710821918,1.87,4535,396.65535677168,6916,27060,953,6780,8352,2369.14246499086,6600,1079,35100,0,5523,0,1,13679,28756,15077,82,0,82
"88",20150329,23.2630136986301,1972.46860136986,1.87,10716,1382.54940420217,5778,27720,642,16200,6745,3355.01800557203,2340,903,7200,0,1676,0,1,2450,4851,2401,13,0,82
"89",20150330,23.2657534246575,1972.45009452055,1.87,6822,666.801708883085,11056,26580,892,5640,12944,2639.25180340363,9179,1657,28800,1,8166,0,1,7870,19543,11673,52,0,82
"90",20150331,23.2684931506849,1972.43158767123,1.87,4979,451.04969695227,7675,27360,867,6840,9219,2423.4812846235,6240,1397,27000,0,5473,0,1,8293,20772,12479,55,0,82
"91",20150401,23.2712328767123,1972.41308082192,1.87,7702,810.548912375934,9318,29220,1626,8040,10961,2782.96199319785,NA,NA,NA,NA,NA,NA,NA,NA,NA,NA,NA,NA,82
"92",20150402,23.2739726027397,1972.3945739726,1.87,7338,695.90981014938,11519,22920,1215,3480,13702,2668.30438412198,7019,1860,28800,0,5447,0,1,8280,21790,13510,57,0,82
"93",20150403,23.2767123287671,1972.37606712329,1.87,3730,367.04841597439,6051,31560,905,19920,7113,2339.42448309768,16020,1350,48600,1,15081,0,1,17317,32207,14890,97,0,82
"94",20150404,23.2794520547945,1972.35756027397,1.87,3887,387.543043904645,6323,26340,671,11700,7421,2359.90060417862,9959,686,40200,1,9576,0,1,14854,30214,15360,86,0,82
"95",20150405,23.2821917808219,1972.33905342466,1.87,1013,110.063472741048,1722,30900,193,7440,1986,2082.40252616571,8637,912,34200,0,8386,0,1,10496,25682,15186,69,0,82
"96",20150406,23.2849315068493,1972.32054657534,1.87,1751,174.897367968709,2877,29640,359,7620,3362,2147.21791454405,4620,721,36300,0,3901,0,1,17883,31812,13929,97,0,82
"97",20150407,23.2876712328767,1972.30203972603,1.87,4906,432.274011405444,7413,27720,801,9600,8984,2404.57605113147,5460,3453,29100,2,2971,0,1,12225,22956,10731,65,0,82
"98",20150408,23.2904109589041,1972.28353287671,1.87,3616,355.482875570062,5766,28200,496,7320,6846,2327.76640844677,838,971,35700,1,160,0,1,15729,34848,19119,100,0,82
"99",20150409,23.2931506849315,1972.2650260274,1.87,6962,931.630996317701,5297,28620,427,7200,6326,2903.8960223451,4140,4507,29100,3,1179,0,1,8885,23704,14819,60,0,82
"100",20150410,23.2958904109589,1972.24651917808,1.87,8387,822.490499287295,13522,22500,3276,3720,15900,2794.73701846538,8699,2043,29700,2,7664,0,1,9497,20103,10606,56,0,82
"101",20150411,23.2986301369863,1972.22801232877,1.87,10750,1280.03846662975,19448,23400,3504,4740,21664,3252.26647895852,2040,1762,31500,2,1328,0,1,14109,28546,14437,82,0,82
"102",20150412,23.3013698630137,1972.20950547945,1.87,5717,580.669235310776,9470,25680,589,3900,10980,2552.87874079023,7557,1145,27000,1,6763,0,1,6195,19351,13156,49,0,82
"103",20150413,23.3041095890411,1972.19099863014,1.87,4451,412.883282556668,7015,27480,830,7980,8333,2385.0742811868,4019,2251,25200,2,3346,0,1,6604,20285,13681,49,0,82
"104",20150414,23.3068493150685,1972.17249178082,1.87,6334,515.238360576053,8865,24120,1112,4980,11094,2487.41085235687,4018,1132,26100,0,3585,0,1,11781,22103,10322,64,0,82
"105",20150415,23.3095890410959,1972.15398493151,1.87,3269,272.115052744727,4707,27780,576,5580,5837,2244.26903767623,4199,991,29700,0,3919,0,1,10638,25639,15001,69,0,82
"106",20150416,23.3123287671233,1972.13547808219,1.87,3211,304.522037554738,5010,29400,520,8160,5957,2276.65751563693,959,1222,28800,0,234,0,1,14477,27857,13380,81,0,82
"107",20150417,23.3150684931507,1972.11697123288,1.87,5756,524.088219993246,8891,24900,1673,8460,10681,2496.20519122612,4918,2794,28200,2,4243,0,1,11341,22021,10680,64,0,82
"108",20150418,23.3178082191781,1972.09846438356,1.87,4112,422.399586432684,6750,25620,609,4140,7856,2394.49805081625,2338,1713,32400,2,1640,0,1,12966,29257,16291,82,0,82
"109",20150419,23.3205479452055,1972.07995753425,1.87,3163,325.008531697763,5215,27300,401,10020,6059,2297.08848923201,11399,932,38700,1,10729,0,1,11680,27187,15507,73,0,82
"110",20150420,23.3232876712329,1972.06145068493,1.87,3804,340.919546769949,5801,29520,361,4800,6973,2312.98099745488,-900,992,23700,1,-1601,0,1,11951,24452,12501,70,0,82
"111",20150421,23.3260273972603,1972.04294383562,1.87,4756,459.088711790062,7664,25020,804,7860,8996,2431.13165562568,4199,2173,35100,2,3277,0,1,12539,29803,17264,83,0,82
"112",20150422,23.3287671232877,1972.0244369863,1.87,8564,930.517523212442,9636,21300,1112,8280,11380,2902.54196019874,4138,4186,35400,4,3194,0,1,10691,28209,17518,73,0,82
"113",20150423,23.3315068493151,1972.00593013699,1.87,5142,467.34282690362,7975,27120,567,4860,9523,2439.34875704061,2938,2804,28500,4,2265,0,1,10023,23581,13558,65,0,82
"114",20150424,23.3342465753425,1971.98742328767,1.87,3496,338.62718954663,5531,26100,985,9540,6546,2310.6146128343,6898,1007,27900,1,6188,0,1,8365,20900,12535,56,0,82
"115",20150425,23.3369863013699,1971.96891643836,1.87,6669,700.427852094915,11230,30480,2371,7140,12900,2672.39676853327,7258,1300,37800,0,6356,0,1,10439,30400,19961,81,0,82
"116",20150426,23.3397260273973,1971.95040958904,1.87,3788,382.293348343441,6154,28800,339,18060,7208,2354.24375793248,3900,2917,27300,2,3202,0,1,11052,21851,10799,63,0,82
"117",20150427,23.3424657534247,1971.93190273973,1.87,9461,860.06284569899,14438,21900,2083,4380,17348,2831.99474843872,8520,8679,36600,4,8258,0,1,6487,20346,13859,50,0,82
"118",20150428,23.3452054794521,1971.91339589041,1.87,2383,199.091883420755,3516,30420,558,11220,4297,2171.00527931117,-2403,1223,37500,0,-3620,0,1,15907,39968,24061,100,0,82
"119",20150429,23.3479452054795,1971.8948890411,1.87,5180,474.276265264725,8077,27180,754,9240,9676,2446.17115430582,4319,1311,32400,0,3601,0,1,14281,28148,13867,81,0,82
"120",20150430,23.3506849315068,1971.87638219178,1.87,5033,473.92268186825,8034,27720,759,7500,9483,2445.79906406003,5400,1843,28500,1,4493,0,1,9843,22931,13088,62,0,82
"121",20150501,23.3534246575342,1971.85787534247,1.87,11480,1253.24829140003,19620,14220,3085,2580,22445,3225.10616674249,3239,2249,30600,1,2538,0,1,13155,26963,13808,77,0,82
"122",20150502,23.3561643835616,1971.83936849315,1.87,3491,334.543280452949,5592,26940,559,8880,6583,2306.3826489461,7438,8107,30000,1,714,0,1,9540,21839,12299,59,0,82
"123",20150503,23.358904109589,1971.82086164384,1.87,1777,174.68292617771,2875,32220,301,25320,3358,2146.50378782155,NA,NA,NA,NA,NA,NA,NA,NA,NA,NA,NA,NA,82
"124",20150504,23.3616438356164,1971.80235479452,1.87,4537,435.4070427228,7261,26160,874,9420,8559,2407.20939751732,117,1119,27600,0,-546,0,1,10681,27429,16748,73,0,82
"125",20150505,23.3643835616438,1971.78384794521,1.87,10703,938.077121782049,15619,20460,3215,3840,19101,2909.86096972725,3419,2241,31200,2,2371,0,1,9015,27079,18064,67,0,82
"126",20150506,23.3671232876712,1971.76534109589,1.87,7751,763.180725991085,12471,27000,1731,6540,14642,2734.94606708698,5280,2189,33000,1,4603,0,1,11756,27321,15565,74,0,82
"127",20150507,23.3698630136986,1971.74683424658,1.87,2742,268.500942581106,4442,28500,741,10200,5215,2240.24777682768,5280,1572,33300,0,4261,0,1,11280,28135,16855,76,0,82
"128",20150508,23.372602739726,1971.72832739726,1.87,9369,889.086047203526,11636,21780,2086,4200,13692,2860.81437460079,7079,1293,29700,1,6082,0,1,8878,22466,13588,60,0,82
"129",20150509,23.3753424657534,1971.70982054795,1.87,5122,528.377451493528,8532,25560,2063,6840,9915,2500.08727204147,779,8296,31800,4,-3563,0,1,12526,27127,14601,78,0,82
"130",20150510,23.3780821917808,1971.69131369863,1.87,4168,430.322561890855,6858,28920,729,22080,7991,2402.01387558949,NA,NA,NA,NA,NA,NA,NA,NA,NA,NA,NA,NA,82
"131",20150511,23.3808219178082,1971.67280684932,1.87,9128,1057.93116396464,10480,25980,906,6660,12382,3029.60397081395,118,1553,25800,2,-299,0,1,9322,24635,15313,64,0,82
"132",20150512,23.3835616438356,1971.6543,1.87,5432,536.744517117066,8847,27180,554,7620,10358,2508.39881711707,4319,2180,34200,2,3641,0,1,8159,28448,20289,69,0,82
"133",20150513,23.386301369863,1971.63579315069,1.87,4083,374.32977950653,6254,26700,810,5340,7529,2345.96557265722,8040,1653,25800,1,7344,0,1,7856,17324,9468,48,0,82
"134",20150514,23.3890410958904,1971.61728630137,1.87,2929,298.747872502342,4870,28920,516,3300,5669,2270.36515880371,1080,2430,28800,1,641,0,1,10262,27349,17087,71,0,82
"135",20150515,23.3917808219178,1971.59877945205,1.87,3473,300.399336749367,5278,25680,791,5340,6387,2271.99811620142,2339,3152,27600,3,1888,0,1,14290,23893,9603,71,0,82
"136",20150516,23.3945205479452,1971.58027260274,1.87,4782,467.743129281408,7829,23700,1043,4380,9179,2439.32340188415,2398,1758,28500,1,1403,0,1,12562,25541,12979,73,0,82
"137",20150517,23.3972602739726,1971.56176575342,1.87,9597,865.494813159266,14377,22200,1475,3300,17366,2837.05657891269,2219,1678,19500,2,1539,0,1,8460,16343,7883,46,0,82
"138",20150518,23.4,1971.54325890411,1.87,5635,519.817235349455,8889,24660,1248,5640,10603,2491.36049425356,-2102,5506,24000,1,-5105,0,1,9663,25390,15727,68,0,82
"139",20150519,23.4027397260274,1971.52475205479,1.87,5271,530.076669534265,8619,27480,628,4320,10058,2501.60142158906,NA,NA,NA,NA,NA,NA,NA,NA,NA,NA,NA,NA,82
"140",20150520,23.4054794520548,1971.50624520548,1.87,2570,211.757622777946,3805,28260,899,3960,4649,2183.26386798343,599,1023,27600,0,-71,0,1,9788,27008,17220,71,0,82
"141",20150521,23.4082191780822,1971.48773835616,1.87,4060,395.031903447423,6575,28500,543,6900,7727,2366.51964180359,-3481,1631,26700,1,-4399,0,1,9718,29643,19925,76,0,82
"142",20150522,23.4109589041096,1971.46923150685,1.87,5451,558.611687305495,8992,26580,1333,4560,10484,2530.08091881234,1019,7850,27600,5,612,0,1,12000,21506,9506,63,0,82
"143",20150523,23.413698630137,1971.45072465753,1.87,2802,255.508236110656,4331,30600,941,15540,5202,2226.95896076819,6420,1617,20400,0,5223,0,1,6358,14399,8041,38,0,82
"144",20150524,23.4164383561644,1971.43221780822,1.87,2311,232.124160020208,3736,28980,580,7260,4397,2203.55637782843,-6061,1072,34800,0,-7131,0,1,17940,40973,23033,100,0,82
"145",20150525,23.4191780821918,1971.4137109589,1.87,4386,411.240961501337,6980,26580,802,3420,8270,2382.65467246024,1319,2880,31200,1,549,0,1,12849,27789,14940,77,0,82
"146",20150526,23.4219178082192,1971.39520410959,1.87,4810,451.658594235787,7634,25860,846,5940,9089,2423.05379834538,-361,997,28200,0,-1069,0,1,7871,28856,20985,70,0,82
"147",20150527,23.4246575342466,1971.37669726027,1.87,2385,229.87483859949,3763,29520,355,10680,4450,2201.25153585976,NA,NA,NA,NA,NA,NA,NA,NA,NA,NA,NA,NA,82
"148",20150528,23.427397260274,1971.35819041096,1.87,3097,298.738478392152,4902,28380,748,5700,5818,2270.09666880311,1199,4110,26400,2,337,0,1,10560,24135,13575,66,0,82
"149",20150529,23.4301369863014,1971.33968356164,1.87,4222,366.595838344225,6486,24180,737,8160,7812,2337.93552190587,5099,676,30300,1,4715,0,1,11880,25071,13191,71,0,82
"150",20150530,23.4328767123288,1971.32117671233,1.87,1825,177.381277947646,2959,29280,286,5820,3464,2148.70245465997,13139,2233,34500,2,12391,0,1,10137,20041,9904,57,0,82
"151",20150531,23.4356164383562,1971.30266986301,1.87,5223,531.686158698965,8535,27300,969,21840,9964,2502.98882856198,3418,5692,28200,4,2688,0,1,11689,20840,9151,59,0,82
"152",20150601,23.4383561643836,1971.2841630137,1.87,8710,828.450181193847,13935,25620,2176,6060,16458,2799.73434420755,-4380,1444,28200,2,-4790,0,1,15525,31796,16271,92,0,82
"153",20150602,23.441095890411,1971.26565616438,1.87,4926,453.205223417156,7702,27840,1131,6540,9199,2424.47087958154,-1381,3285,26400,1,-3948,0,1,14286,27169,12883,81,0,82
"154",20150603,23.4438356164384,1971.24714931507,1.87,5543,505.011879272882,8489,26400,1146,2940,10238,2476.25902858795,1498,1582,26400,2,771,0,1,7555,24057,16502,61,0,82
"155",20150604,23.4465753424658,1971.22864246575,1.87,4450,395.506039142369,6822,25860,1222,6780,8253,2366.73468160812,2399,2777,26400,1,1734,0,1,13010,24109,11099,69,0,82
"156",20150605,23.4493150684931,1971.21013561644,1.87,5153,447.171587425095,7816,23220,629,5280,9465,2418.38172304153,2040,1407,24300,1,1352,0,1,12970,21669,8699,64,0,82
"157",20150606,23.4520547945205,1971.19162876712,1.87,5273,470.314626755489,8031,25560,1753,5100,9698,2441.50625552261,1740,8233,31500,5,715,0,1,13055,22761,9706,65,0,82
"158",20150607,23.4547945205479,1971.17312191781,1.87,1396,123.114176407376,2193,28800,504,14580,2610,2094.28729832518,3900,549,39600,0,3353,0,1,20857,35917,15060,100,0,82
"159",20150608,23.4575342465753,1971.15461506849,1.87,9957,937.84316617245,10822,25860,975,4800,12814,2908.99778124094,5639,1713,21300,1,5244,0,1,7262,14772,7510,42,0,82
"160",20150609,23.4602739726027,1971.13610821918,1.87,6979,683.155629293097,11245,27240,1508,3300,13230,2654.29173751227,0,2643,31200,3,-780,0,1,14956,29557,14601,87,0,82
"161",20150610,23.4630136986301,1971.11760136986,1.87,5451,488.063782990189,8438,26400,903,4920,10132,2459.18138436005,2218,1937,27000,0,1194,0,1,11640,24721,13081,70,0,82
"162",20150611,23.4657534246575,1971.09909452055,1.87,4500,444.36988481864,7401,27060,1343,6420,8625,2415.46897933919,5219,4287,26100,1,4549,0,1,12062,20582,8520,62,0,82
"163",20150612,23.4684931506849,1971.08058767123,1.87,6275,566.879686917136,9860,23520,1247,4980,11778,2537.96027458837,-2281,2144,24600,0,-3256,0,1,14282,26897,12615,79,0,82
"164",20150613,23.4712328767123,1971.06208082192,1.87,5714,480.677690418608,8309,26760,1566,4800,10236,2451.73977124053,5519,1702,30600,1,4819,0,1,12060,24341,12281,69,0,82
"165",20150614,23.4739726027397,1971.0435739726,1.87,5354,553.490014717245,8707,29100,3532,4980,10177,2524.53358868985,3659,686,32400,0,2975,0,1,9180,28924,19744,74,0,82
"166",20150615,23.4767123287671,1971.02506712329,1.87,7258,687.507435454355,11587,25620,969,3660,13736,2658.53250257764,7379,1030,25200,1,6697,0,1,8650,17649,8999,49,0,82
"167",20150616,23.4794520547945,1971.00656027397,1.87,4243,416.892942682615,6813,27180,615,5340,8036,2387.89950295659,5157,2594,29700,2,4471,0,1,9363,23018,13655,62,0,82
"168",20150617,23.4821917808219,1970.98805342466,1.87,4845,431.822484295581,7493,26940,931,6960,8993,2402.81053772024,1859,4197,29700,2,958,0,1,13394,24691,11297,71,0,82
"169",20150618,23.4849315068493,1970.96954657534,1.87,5329,547.923392697095,8845,26040,1240,6540,10324,2518.89293927244,237,2203,31800,2,-499,0,1,15847,30144,14297,91,0,82
"170",20150619,23.4876712328767,1970.95103972603,1.87,4831,456.265608953876,7668,26040,760,4560,9109,2427.2166486799,959,2946,26400,1,594,0,1,9300,24960,15660,66,0,82
"171",20150620,23.4904109589041,1970.93253287671,1.87,18206,1531.7120044544,26585,13500,2940,2160,32614,3502.64453733111,1737,2570,18900,2,735,0,1,6913,15658,8745,42,0,82
"172",20150621,23.4931506849315,1970.9140260274,1.87,4359,421.109076621319,7030,27840,1531,12060,8253,2392.02310264872,10677,695,40500,0,9985,0,1,12180,30089,17909,82,0,82
"173",20150622,23.4958904109589,1970.89551917808,1.87,8550,904.314928327941,8545,27840,1065,6960,10108,2875.21044750602,2879,1747,21300,2,1878,0,1,6220,17927,11707,44,0,82
"174",20150623,23.4986301369863,1970.87701232877,1.87,3707,349.534973365318,5872,26580,763,4200,6966,2320.41198569409,358,1410,31200,1,-378,0,1,16859,30348,13489,92,0,82
"175",20150624,23.5013698630137,1970.85850547945,1.87,2659,275.145087079498,4399,27300,556,6360,5118,2246.00359255895,4920,1164,32100,1,4209,0,1,16561,26821,10260,82,0,82
"176",20150625,23.5041095890411,1970.83999863014,1.87,3377,340.825424554039,5559,28800,913,7500,6531,2311.66542318418,5578,1514,33000,1,4911,0,1,14759,26947,12188,79,0,82
"177",20150626,23.5068493150685,1970.82149178082,1.87,5815,583.326299757073,9517,25860,1375,8160,11163,2554.1477915379,9778,2815,27000,3,8694,0,1,6729,15628,8899,42,0,82
"178",20150627,23.5095890410959,1970.80298493151,1.87,4703,485.974464579832,7833,28080,512,6120,9092,2456.77744951134,2519,1320,36300,1,1830,0,1,16770,33570,16800,97,0,82
"179",20150628,23.5123287671233,1970.78447808219,1.87,4148,394.075977990281,6529,28500,868,13860,7735,2364.86045607247,10259,2598,28200,1,9243,0,1,5461,17410,11949,45,0,82
"180",20150629,23.5150684931507,1970.76597123288,1.87,4495,441.682265101562,7326,26100,936,3360,8576,2412.44823633444,-1261,1591,29700,3,-1578,0,1,11803,29747,17944,80,0,82
"181",20150630,23.5178082191781,1970.74746438356,1.87,3729,342.012167187154,5982,26640,1025,6240,7080,2312.75963157072,6719,3995,31200,2,5407,0,1,9241,22139,12898,59,0,82
"182",20150701,23.5205479452055,1970.72895753425,1.87,5436,499.593616436667,8510,28260,907,6120,10175,2470.32257397091,2159,810,24900,0,1770,0,1,7079,22740,15661,58,0,82
"183",20150702,23.5232876712329,1970.71045068493,1.87,4519,452.387114025268,7388,27960,634,5280,8637,2423.0975647102,2940,6986,33300,6,2549,0,1,12781,24001,11220,68,0,82
"184",20150703,23.5260273972603,1970.69194383562,1.87,4148,389.210046507574,6498,27480,470,6120,7768,2359.90199034319,-661,5792,24600,5,-1670,0,1,7132,21590,14458,52,0,82
"185",20150704,23.5287671232877,1970.6734369863,1.87,7194,804.618930856948,7318,22320,1033,6540,8567,2775.29236784325,4260,5073,31500,3,3571,0,1,10502,23940,13438,64,0,82
"186",20150705,23.5315068493151,1970.65493013699,1.87,5187,483.819503311668,7939,26460,2269,7620,9549,2454.47443344865,-1021,749,25500,0,-1768,0,1,11581,26532,14951,73,0,82
"187",20150706,23.5342465753425,1970.63642328767,1.87,167,17.616655171688,277,7740,51,5640,319,1988.25307845936,7080,785,34500,0,6359,0,1,11802,27405,15603,75,0,82
"188",20150707,23.5369863013699,1970.61791643836,1.87,18,2.24192714698294,33,4200,18,4200,38,1972.85984358534,1559,2981,32700,1,566,0,1,11463,29582,18119,81,0,82
"189",20150708,23.5397260273973,1970.59940958904,1.87,7373,573.017671097957,10102,19740,4193,7320,12785,2543.617080687,2460,2909,34200,2,1769,0,1,10979,29796,18817,80,0,82
"190",20150709,23.5424657534247,1970.58090273973,1.87,1718,145.388726904473,2367,29940,662,13980,2954,2115.9696296442,5579,614,34500,0,4969,0,1,6837,29168,22331,69,0,82
"191",20150710,23.5452054794521,1970.56239589041,1.87,4313,356.532942125746,6198,25800,1159,7680,7669,2327.09533801616,299,5686,26700,4,-2593,0,1,9782,23754,13972,64,0,82
"192",20150711,23.5479452054795,1970.5438890411,1.87,639,58.0881787108276,1002,22740,342,15780,1194,2028.63206775192,NA,NA,NA,NA,NA,NA,NA,NA,NA,NA,NA,NA,82
"193",20150712,23.5506849315069,1970.52538219178,1.87,7361,716.134363413178,11685,20520,889,4620,13798,2686.65974560496,NA,NA,NA,NA,NA,NA,NA,NA,NA,NA,NA,NA,82
"194",20150713,23.5534246575342,1970.50687534247,1.87,4892,463.837211191363,7705,24300,999,4200,9168,2434.34408653383,5278,8586,23100,2,-1318,0,1,6318,17331,11013,42,0,82
"195",20150714,23.5561643835616,1970.48836849315,1.87,305,28.56086087225,486,13200,150,7500,576,1999.0492293654,7980,2368,34200,0,7259,0,1,11072,26733,15661,70,0,82
"196",20150715,23.558904109589,1970.46986164384,1.87,12534,1094.02204635355,18606,18960,3327,7440,22626,3064.49190799738,4199,363,35400,0,3838,0,1,11346,31447,20101,82,0,82
"197",20150716,23.5616438356164,1970.45135479452,1.87,4414,450.397423447781,7294,28440,855,10500,8466,2420.8487782423,7739,3440,23400,3,6976,0,1,5609,13280,7671,34,0,82
"198",20150717,23.5643835616438,1970.43284794521,1.87,5219,501.652140769751,8397,24600,831,2940,9909,2472.08498871496,5639,1015,29100,1,4936,0,1,8264,23329,15065,60,0,82
"199",20150718,23.5671232876712,1970.41434109589,1.87,6921,658.690108798325,10904,16680,1942,2400,12952,2629.10444989422,1977,3300,30000,3,1012,0,1,12783,25921,13138,74,0,82
"200",20150719,23.5698630136986,1970.39583424658,1.87,10517,986.29766297349,16021,19020,974,2940,19120,2956.69349722007,3418,2401,30000,3,2720,0,1,8161,25659,17498,63,0,82
"201",20150720,23.572602739726,1970.37732739726,1.87,6901,664.208989605973,10978,22680,1196,2880,12988,2634.58631700323,6238,2893,24300,2,4255,0,1,11348,17287,5939,53,0,82
"202",20150721,23.5753424657534,1970.35882054795,1.87,6177,592.681944310528,10054,25200,1192,5160,11834,2563.04076485847,8939,2894,29700,2,8222,0,1,8245,19103,10858,52,0,82
"203",20150722,23.5780821917808,1970.34031369863,1.87,9867,1115.04227949865,9579,26160,2003,3540,11537,3085.38259319728,-2409,3214,-300,0,-2409,0,1,0,650,650,0,0,82
"204",20150723,23.5808219178082,1970.32180684932,1.87,3663,362.519793974635,5937,27660,842,8340,6995,2332.84160082395,1439,1513,28500,2,648,0,1,10748,26376,15628,71,0,82
"205",20150724,23.5835616438356,1970.3033,1.87,3911,404.336357952644,6559,28440,649,10260,7627,2374.63965795264,3300,2286,37500,1,2577,0,1,15787,32768,16981,96,0,82
"206",20150725,23.586301369863,1970.28479315069,1.87,4165,393.119442068466,6541,28800,2383,9840,7791,2363.40423521915,3419,1403,35100,1,2698,0,1,10321,31201,20880,80,0,82
"207",20150726,23.5890410958904,1970.26628630137,1.87,2800,278.792928300673,4563,27480,360,5160,5362,2249.05921460204,6119,1783,28200,0,5158,0,1,8886,22140,13254,59,0,82
"208",20150727,23.5917808219178,1970.24777945206,1.87,5442,533.079707083918,8807,24600,861,5640,10353,2503.32748653597,5580,1046,36000,1,4957,0,1,19199,30013,10814,96,0,82
"209",20150728,23.5945205479452,1970.22927260274,1.87,10076,885.244932042639,15276,18660,1196,4260,18474,2855.47420464538,8279,6607,25200,3,7239,0,1,6240,15422,9182,40,0,82
"210",20150729,23.5972602739726,1970.21076575342,1.87,8999,1039.79482647604,8245,25860,1525,5520,9859,3010.00559222947,-3601,2265,33000,2,-4300,0,1,12599,35161,22562,98,0,82
"211",20150730,23.6,1970.19225890411,1.87,2311,227.663445780779,3750,29460,481,6360,4391,2197.85570468489,4378,262,31800,0,4118,0,1,10800,27564,16764,73,0,82
"212",20150731,23.6027397260274,1970.17375205479,1.87,6088,620.517306391282,9879,29760,947,10980,11516,2590.69105844608,7380,399,39600,0,7006,0,1,13384,32443,19059,89,0,82
"213",20150801,23.6054794520548,1970.15524520548,1.87,11430,1075.21026886749,17522,21240,1261,6960,20883,3045.36551407297,10858,1414,35100,0,10192,0,1,12780,24214,11434,71,0,82
"214",20150802,23.6082191780822,1970.13673835616,1.87,3357,325.19644801328,5368,26280,595,14400,6359,2295.33318636944,9540,1779,41700,1,8483,0,1,11982,31662,19680,84,0,82
"215",20150803,23.6109589041096,1970.11823150685,1.87,4991,550.180502477432,8582,25680,964,6240,9775,2520.29873398428,10077,6056,39900,4,9027,0,1,6842,25040,18198,61,0,82
"216",20150804,23.613698630137,1970.09972465753,1.87,12204,1414.74310154098,21676,22560,3673,11460,24310,3384.84282619851,7317,2988,39300,2,6303,0,1,11231,30169,18938,79,0,82
"217",20150805,23.6164383561644,1970.08121780822,1.87,6071,639.546694561545,10271,27600,1611,4500,11776,2609.62791236976,2940,970,32100,1,2680,0,1,12483,28698,16215,79,0,82
"218",20150806,23.6191780821918,1970.0627109589,1.87,3552,313.649640783069,5351,26520,651,8280,6493,2283.71235174197,-481,2438,34200,1,-1519,0,1,10510,34562,24052,88,0,82
"219",20150807,23.6219178082192,1970.04420410959,1.87,4531,424.415143914435,7012,22920,939,4920,8355,2394.45934802402,4019,1608,28800,3,3325,0,1,3160,24157,20997,51,0,82
"220",20150808,23.6246575342466,1970.02569726027,1.87,2683,253.730727316402,4226,28740,1070,9720,5023,2223.75642457668,1379,7896,38400,5,380,0,1,15903,30304,14401,92,0,82
"221",20150809,23.627397260274,1970.00719041096,1.87,1042,134.065247595602,1956,31800,254,21720,2146,2104.07243800656,NA,NA,NA,NA,NA,NA,NA,NA,NA,NA,NA,NA,82
"222",20150810,23.6301369863014,1969.98868356164,1.87,351,33.44065052272,542,14340,241,14340,651,2003.42933408436,NA,NA,NA,NA,NA,NA,NA,NA,NA,NA,NA,NA,82
"223",20150811,23.6328767123288,1969.97017671233,1.87,NA,NA,NA,NA,NA,NA,NA,1969.97017671233,NA,NA,NA,NA,NA,NA,NA,NA,NA,NA,NA,NA,82
"224",20150812,23.6356164383562,1969.95166986301,1.87,NA,NA,NA,NA,NA,NA,NA,1969.95166986301,NA,NA,NA,NA,NA,NA,NA,NA,NA,NA,NA,NA,82
"225",20150813,23.6383561643836,1969.9331630137,1.87,208,17.1760303974,307,20400,208,20400,376,1987.1091934111,NA,NA,NA,NA,NA,NA,NA,NA,NA,NA,NA,NA,82
"226",20150814,23.641095890411,1969.91465616438,1.87,NA,NA,NA,NA,NA,NA,NA,1969.91465616438,NA,NA,NA,NA,NA,NA,NA,NA,NA,NA,NA,NA,82
"227",20150815,23.6438356164384,1969.89614931507,1.87,NA,NA,NA,NA,NA,NA,NA,1969.89614931507,NA,NA,NA,NA,NA,NA,NA,NA,NA,NA,NA,NA,82
"228",20150816,23.6465753424658,1969.87764246575,1.87,NA,NA,NA,NA,NA,NA,NA,1969.87764246575,NA,NA,NA,NA,NA,NA,NA,NA,NA,NA,NA,NA,82
"229",20150817,23.6493150684932,1969.85913561644,1.87,NA,NA,NA,NA,NA,NA,NA,1969.85913561644,NA,NA,NA,NA,NA,NA,NA,NA,NA,NA,NA,NA,82
"230",20150818,23.6520547945205,1969.84062876712,1.87,NA,NA,NA,NA,NA,NA,NA,1969.84062876712,NA,NA,NA,NA,NA,NA,NA,NA,NA,NA,NA,NA,82
"231",20150819,23.6547945205479,1969.82212191781,1.87,NA,NA,NA,NA,NA,NA,NA,1969.82212191781,NA,NA,NA,NA,NA,NA,NA,NA,NA,NA,NA,NA,82
"232",20150820,23.6575342465753,1969.80361506849,1.87,NA,NA,NA,NA,NA,NA,NA,1969.80361506849,NA,NA,NA,NA,NA,NA,NA,NA,NA,NA,NA,NA,82
"233",20150821,23.6602739726027,1969.78510821918,1.87,NA,NA,NA,NA,NA,NA,NA,1969.78510821918,NA,NA,NA,NA,NA,NA,NA,NA,NA,NA,NA,NA,82
"234",20150822,23.6630136986301,1969.76660136986,1.87,NA,NA,NA,NA,NA,NA,NA,1969.76660136986,NA,NA,NA,NA,NA,NA,NA,NA,NA,NA,NA,NA,82
"235",20150823,23.6657534246575,1969.74809452055,1.87,NA,NA,NA,NA,NA,NA,NA,1969.74809452055,NA,NA,NA,NA,NA,NA,NA,NA,NA,NA,NA,NA,82
"236",20150824,23.6684931506849,1969.72958767123,1.87,NA,NA,NA,NA,NA,NA,NA,1969.72958767123,NA,NA,NA,NA,NA,NA,NA,NA,NA,NA,NA,NA,82
"237",20150825,23.6712328767123,1969.71108082192,1.87,NA,NA,NA,NA,NA,NA,NA,1969.71108082192,NA,NA,NA,NA,NA,NA,NA,NA,NA,NA,NA,NA,82
"238",20150826,23.6739726027397,1969.6925739726,1.87,NA,NA,NA,NA,NA,NA,NA,1969.6925739726,NA,NA,NA,NA,NA,NA,NA,NA,NA,NA,NA,NA,82
"239",20150827,23.6767123287671,1969.67406712329,1.87,NA,NA,NA,NA,NA,NA,NA,1969.67406712329,NA,NA,NA,NA,NA,NA,NA,NA,NA,NA,NA,NA,82
"240",20150828,23.6794520547945,1969.65556027397,1.87,NA,NA,NA,NA,NA,NA,NA,1969.65556027397,NA,NA,NA,NA,NA,NA,NA,NA,NA,NA,NA,NA,82
"241",20150829,23.6821917808219,1969.63705342466,1.87,NA,NA,NA,NA,NA,NA,NA,1969.63705342466,NA,NA,NA,NA,NA,NA,NA,NA,NA,NA,NA,NA,82
"242",20150830,23.6849315068493,1969.61854657534,1.87,NA,NA,NA,NA,NA,NA,NA,1969.61854657534,NA,NA,NA,NA,NA,NA,NA,NA,NA,NA,NA,NA,82
"243",20150831,23.6876712328767,1969.60003972603,1.87,NA,NA,NA,NA,NA,NA,NA,1969.60003972603,NA,NA,NA,NA,NA,NA,NA,NA,NA,NA,NA,NA,82
"244",20150901,23.6904109589041,1969.58153287671,1.87,NA,NA,NA,NA,NA,NA,NA,1969.58153287671,NA,NA,NA,NA,NA,NA,NA,NA,NA,NA,NA,NA,82
"245",20150902,23.6931506849315,1969.5630260274,1.87,NA,NA,NA,NA,NA,NA,NA,1969.5630260274,NA,NA,NA,NA,NA,NA,NA,NA,NA,NA,NA,NA,82
"246",20150903,23.6958904109589,1969.54451917808,1.87,NA,NA,NA,NA,NA,NA,NA,1969.54451917808,NA,NA,NA,NA,NA,NA,NA,NA,NA,NA,NA,NA,82
"247",20150904,23.6986301369863,1969.52601232877,1.87,NA,NA,NA,NA,NA,NA,NA,1969.52601232877,NA,NA,NA,NA,NA,NA,NA,NA,NA,NA,NA,NA,82
"248",20150905,23.7013698630137,1969.50750547945,1.87,NA,NA,NA,NA,NA,NA,NA,1969.50750547945,NA,NA,NA,NA,NA,NA,NA,NA,NA,NA,NA,NA,82
"249",20150906,23.7041095890411,1969.48899863014,1.87,NA,NA,NA,NA,NA,NA,NA,1969.48899863014,NA,NA,NA,NA,NA,NA,NA,NA,NA,NA,NA,NA,82
"250",20150907,23.7068493150685,1969.47049178082,1.87,NA,NA,NA,NA,NA,NA,NA,1969.47049178082,NA,NA,NA,NA,NA,NA,NA,NA,NA,NA,NA,NA,82
"251",20150908,23.7095890410959,1969.45198493151,1.87,NA,NA,NA,NA,NA,NA,NA,1969.45198493151,NA,NA,NA,NA,NA,NA,NA,NA,NA,NA,NA,NA,82
"252",20150909,23.7123287671233,1969.43347808219,1.87,NA,NA,NA,NA,NA,NA,NA,1969.43347808219,NA,NA,NA,NA,NA,NA,NA,NA,NA,NA,NA,NA,82
"253",20150910,23.7150684931507,1969.41497123288,1.87,NA,NA,NA,NA,NA,NA,NA,1969.41497123288,NA,NA,NA,NA,NA,NA,NA,NA,NA,NA,NA,NA,82
"254",20150911,23.7178082191781,1969.39646438356,1.87,NA,NA,NA,NA,NA,NA,NA,1969.39646438356,NA,NA,NA,NA,NA,NA,NA,NA,NA,NA,NA,NA,82
"255",20150912,23.7205479452055,1969.37795753425,1.87,NA,NA,NA,NA,NA,NA,NA,1969.37795753425,NA,NA,NA,NA,NA,NA,NA,NA,NA,NA,NA,NA,82
"256",20150913,23.7232876712329,1969.35945068493,1.87,NA,NA,NA,NA,NA,NA,NA,1969.35945068493,NA,NA,NA,NA,NA,NA,NA,NA,NA,NA,NA,NA,82
"257",20150914,23.7260273972603,1969.34094383562,1.87,NA,NA,NA,NA,NA,NA,NA,1969.34094383562,NA,NA,NA,NA,NA,NA,NA,NA,NA,NA,NA,NA,82
"258",20150915,23.7287671232877,1969.3224369863,1.87,NA,NA,NA,NA,NA,NA,NA,1969.3224369863,NA,NA,NA,NA,NA,NA,NA,NA,NA,NA,NA,NA,82
"259",20150916,23.7315068493151,1969.30393013699,1.87,NA,NA,NA,NA,NA,NA,NA,1969.30393013699,NA,NA,NA,NA,NA,NA,NA,NA,NA,NA,NA,NA,82
"260",20150917,23.7342465753425,1969.28542328767,1.87,NA,NA,NA,NA,NA,NA,NA,1969.28542328767,NA,NA,NA,NA,NA,NA,NA,NA,NA,NA,NA,NA,82
"261",20150918,23.7369863013699,1969.26691643836,1.87,NA,NA,NA,NA,NA,NA,NA,1969.26691643836,NA,NA,NA,NA,NA,NA,NA,NA,NA,NA,NA,NA,82
"262",20150919,23.7397260273973,1969.24840958904,1.87,NA,NA,NA,NA,NA,NA,NA,1969.24840958904,NA,NA,NA,NA,NA,NA,NA,NA,NA,NA,NA,NA,82
"263",20150920,23.7424657534247,1969.22990273973,1.87,NA,NA,NA,NA,NA,NA,NA,1969.22990273973,NA,NA,NA,NA,NA,NA,NA,NA,NA,NA,NA,NA,82
"264",20150921,23.7452054794521,1969.21139589041,1.87,NA,NA,NA,NA,NA,NA,NA,1969.21139589041,NA,NA,NA,NA,NA,NA,NA,NA,NA,NA,NA,NA,82
"265",20150922,23.7479452054795,1969.1928890411,1.87,NA,NA,NA,NA,NA,NA,NA,1969.1928890411,NA,NA,NA,NA,NA,NA,NA,NA,NA,NA,NA,NA,82
"266",20150923,23.7506849315069,1969.17438219178,1.87,NA,NA,NA,NA,NA,NA,NA,1969.17438219178,NA,NA,NA,NA,NA,NA,NA,NA,NA,NA,NA,NA,82
"267",20150924,23.7534246575342,1969.15587534247,1.87,NA,NA,NA,NA,NA,NA,NA,1969.15587534247,NA,NA,NA,NA,NA,NA,NA,NA,NA,NA,NA,NA,82
"268",20150925,23.7561643835616,1969.13736849315,1.87,NA,NA,NA,NA,NA,NA,NA,1969.13736849315,NA,NA,NA,NA,NA,NA,NA,NA,NA,NA,NA,NA,82
"269",20150926,23.758904109589,1969.11886164384,1.87,NA,NA,NA,NA,NA,NA,NA,1969.11886164384,NA,NA,NA,NA,NA,NA,NA,NA,NA,NA,NA,NA,82
"270",20150927,23.7616438356164,1969.10035479452,1.87,NA,NA,NA,NA,NA,NA,NA,1969.10035479452,NA,NA,NA,NA,NA,NA,NA,NA,NA,NA,NA,NA,82
"271",20150928,23.7643835616438,1969.08184794521,1.87,NA,NA,NA,NA,NA,NA,NA,1969.08184794521,NA,NA,NA,NA,NA,NA,NA,NA,NA,NA,NA,NA,82
"272",20150929,23.7671232876712,1969.06334109589,1.87,NA,NA,NA,NA,NA,NA,NA,1969.06334109589,NA,NA,NA,NA,NA,NA,NA,NA,NA,NA,NA,NA,82
"273",20150930,23.7698630136986,1969.04483424658,1.87,NA,NA,NA,NA,NA,NA,NA,1969.04483424658,NA,NA,NA,NA,NA,NA,NA,NA,NA,NA,NA,NA,82
"274",20151001,23.772602739726,1969.02632739726,1.87,NA,NA,NA,NA,NA,NA,NA,1969.02632739726,NA,NA,NA,NA,NA,NA,NA,NA,NA,NA,NA,NA,82
"275",20151002,23.7753424657534,1969.00782054795,1.87,NA,NA,NA,NA,NA,NA,NA,1969.00782054795,NA,NA,NA,NA,NA,NA,NA,NA,NA,NA,NA,NA,82
"276",20151003,23.7780821917808,1968.98931369863,1.87,NA,NA,NA,NA,NA,NA,NA,1968.98931369863,NA,NA,NA,NA,NA,NA,NA,NA,NA,NA,NA,NA,82
"277",20151004,23.7808219178082,1968.97080684932,1.87,NA,NA,NA,NA,NA,NA,NA,1968.97080684932,NA,NA,NA,NA,NA,NA,NA,NA,NA,NA,NA,NA,82
"278",20151005,23.7835616438356,1968.9523,1.87,NA,NA,NA,NA,NA,NA,NA,1968.9523,NA,NA,NA,NA,NA,NA,NA,NA,NA,NA,NA,NA,82
"279",20151006,23.786301369863,1968.93379315069,1.87,NA,NA,NA,NA,NA,NA,NA,1968.93379315069,NA,NA,NA,NA,NA,NA,NA,NA,NA,NA,NA,NA,82
"280",20151007,23.7890410958904,1968.91528630137,1.87,NA,NA,NA,NA,NA,NA,NA,1968.91528630137,NA,NA,NA,NA,NA,NA,NA,NA,NA,NA,NA,NA,82
"281",20151008,23.7917808219178,1968.89677945205,1.87,NA,NA,NA,NA,NA,NA,NA,1968.89677945205,NA,NA,NA,NA,NA,NA,NA,NA,NA,NA,NA,NA,82
"282",20151009,23.7945205479452,1968.87827260274,1.87,NA,NA,NA,NA,NA,NA,NA,1968.87827260274,NA,NA,NA,NA,NA,NA,NA,NA,NA,NA,NA,NA,82
"283",20151010,23.7972602739726,1968.85976575342,1.87,NA,NA,NA,NA,NA,NA,NA,1968.85976575342,NA,NA,NA,NA,NA,NA,NA,NA,NA,NA,NA,NA,82
"284",20151011,23.8,1968.84125890411,1.87,NA,NA,NA,NA,NA,NA,NA,1968.84125890411,NA,NA,NA,NA,NA,NA,NA,NA,NA,NA,NA,NA,82
"285",20151012,23.8027397260274,1968.82275205479,1.87,NA,NA,NA,NA,NA,NA,NA,1968.82275205479,NA,NA,NA,NA,NA,NA,NA,NA,NA,NA,NA,NA,82
"286",20151013,23.8054794520548,1968.80424520548,1.87,NA,NA,NA,NA,NA,NA,NA,1968.80424520548,NA,NA,NA,NA,NA,NA,NA,NA,NA,NA,NA,NA,82
"287",20151014,23.8082191780822,1968.78573835616,1.87,NA,NA,NA,NA,NA,NA,NA,1968.78573835616,NA,NA,NA,NA,NA,NA,NA,NA,NA,NA,NA,NA,82
"288",20151015,23.8109589041096,1968.76723150685,1.87,NA,NA,NA,NA,NA,NA,NA,145.675103136844,NA,NA,NA,NA,NA,NA,NA,NA,NA,NA,NA,NA,82
"289",20151016,23.813698630137,1968.74872465753,1.87,NA,NA,NA,NA,NA,NA,NA,0,NA,NA,NA,NA,NA,NA,NA,NA,NA,NA,NA,NA,82
"290",20151017,23.8164383561644,1968.73021780822,1.87,NA,NA,NA,NA,NA,NA,NA,0,NA,NA,NA,NA,NA,NA,NA,NA,NA,NA,NA,NA,82
"291",20151018,23.8191780821918,1968.7117109589,1.87,NA,NA,NA,NA,NA,NA,NA,0,NA,NA,NA,NA,NA,NA,NA,NA,NA,NA,NA,NA,82
"292",20151019,23.8219178082192,1968.69320410959,1.87,NA,NA,NA,NA,NA,NA,NA,0,NA,NA,NA,NA,NA,NA,NA,NA,NA,NA,NA,NA,82
"293",20151020,23.8246575342466,1968.67469726027,1.87,NA,NA,NA,NA,NA,NA,NA,0,NA,NA,NA,NA,NA,NA,NA,NA,NA,NA,NA,NA,82
"294",20151021,23.827397260274,1968.65619041096,1.87,NA,NA,NA,NA,NA,NA,NA,0,NA,NA,NA,NA,NA,NA,NA,NA,NA,NA,NA,NA,82
"295",20151022,23.8301369863014,1968.63768356164,1.87,NA,NA,NA,NA,NA,NA,NA,0,NA,NA,NA,NA,NA,NA,NA,NA,NA,NA,NA,NA,82
"296",20151023,23.8328767123288,1968.61917671233,1.87,NA,NA,NA,NA,NA,NA,NA,0,NA,NA,NA,NA,NA,NA,NA,NA,NA,NA,NA,NA,82
"297",20151024,23.8356164383562,1968.60066986301,1.87,NA,NA,NA,NA,NA,NA,NA,0,NA,NA,NA,NA,NA,NA,NA,NA,NA,NA,NA,NA,82
"298",20151025,23.8383561643836,1968.5821630137,1.87,NA,NA,NA,NA,NA,NA,NA,0,NA,NA,NA,NA,NA,NA,NA,NA,NA,NA,NA,NA,82
"299",20151026,23.841095890411,1968.56365616438,1.87,NA,NA,NA,NA,NA,NA,NA,0,NA,NA,NA,NA,NA,NA,NA,NA,NA,NA,NA,NA,82
"300",20151027,23.8438356164384,1968.54514931507,1.87,NA,NA,NA,NA,NA,NA,NA,0,NA,NA,NA,NA,NA,NA,NA,NA,NA,NA,NA,NA,82
"301",20151028,23.8465753424658,1968.52664246575,1.87,NA,NA,NA,NA,NA,NA,NA,0,NA,NA,NA,NA,NA,NA,NA,NA,NA,NA,NA,NA,82
"302",20151029,23.8493150684932,1968.50813561644,1.87,NA,NA,NA,NA,NA,NA,NA,0,NA,NA,NA,NA,NA,NA,NA,NA,NA,NA,NA,NA,82
"303",20151030,23.8520547945205,1968.48962876712,1.87,NA,NA,NA,NA,NA,NA,NA,0,NA,NA,NA,NA,NA,NA,NA,NA,NA,NA,NA,NA,82
"304",20151031,23.8547945205479,1968.47112191781,1.87,NA,NA,NA,NA,NA,NA,NA,0,NA,NA,NA,NA,NA,NA,NA,NA,NA,NA,NA,NA,82
"305",20151101,23.8575342465753,1968.45261506849,1.87,NA,NA,NA,NA,NA,NA,NA,0,NA,NA,NA,NA,NA,NA,NA,NA,NA,NA,NA,NA,82
"306",20151102,23.8602739726027,1968.43410821918,1.87,NA,NA,NA,NA,NA,NA,NA,0,NA,NA,NA,NA,NA,NA,NA,NA,NA,NA,NA,NA,82
"307",20151103,23.8630136986301,1968.41560136986,1.87,NA,NA,NA,NA,NA,NA,NA,0,NA,NA,NA,NA,NA,NA,NA,NA,NA,NA,NA,NA,82
"308",20151104,23.8657534246575,1968.39709452055,1.87,NA,NA,NA,NA,NA,NA,NA,0,NA,NA,NA,NA,NA,NA,NA,NA,NA,NA,NA,NA,82
"309",20151105,23.8684931506849,1968.37858767123,1.87,NA,NA,NA,NA,NA,NA,NA,0,NA,NA,NA,NA,NA,NA,NA,NA,NA,NA,NA,NA,82
"310",20151106,23.8712328767123,1968.36008082192,1.87,NA,NA,NA,NA,NA,NA,NA,0,NA,NA,NA,NA,NA,NA,NA,NA,NA,NA,NA,NA,82
"311",20151107,23.8739726027397,1968.3415739726,1.87,NA,NA,NA,NA,NA,NA,NA,0,NA,NA,NA,NA,NA,NA,NA,NA,NA,NA,NA,NA,82
"312",20151108,23.8767123287671,1968.32306712329,1.87,NA,NA,NA,NA,NA,NA,NA,0,NA,NA,NA,NA,NA,NA,NA,NA,NA,NA,NA,NA,82
"313",20151109,23.8794520547945,1968.30456027397,1.87,NA,NA,NA,NA,NA,NA,NA,0,NA,NA,NA,NA,NA,NA,NA,NA,NA,NA,NA,NA,82
"314",20151110,23.8821917808219,1968.28605342466,1.87,NA,NA,NA,NA,NA,NA,NA,0,NA,NA,NA,NA,NA,NA,NA,NA,NA,NA,NA,NA,82
"315",20151111,23.8849315068493,1968.26754657534,1.87,NA,NA,NA,NA,NA,NA,NA,0,NA,NA,NA,NA,NA,NA,NA,NA,NA,NA,NA,NA,82
"316",20151112,23.8876712328767,1968.24903972603,1.87,NA,NA,NA,NA,NA,NA,NA,0,NA,NA,NA,NA,NA,NA,NA,NA,NA,NA,NA,NA,82
"317",20151113,23.8904109589041,1968.23053287671,1.87,NA,NA,NA,NA,NA,NA,NA,0,NA,NA,NA,NA,NA,NA,NA,NA,NA,NA,NA,NA,82
"318",20151114,23.8931506849315,1968.2120260274,1.87,NA,NA,NA,NA,NA,NA,NA,0,NA,NA,NA,NA,NA,NA,NA,NA,NA,NA,NA,NA,82
"319",20151115,23.8958904109589,1968.19351917808,1.87,NA,NA,NA,NA,NA,NA,NA,0,NA,NA,NA,NA,NA,NA,NA,NA,NA,NA,NA,NA,82
"320",20151116,23.8986301369863,1968.17501232877,1.87,NA,NA,NA,NA,NA,NA,NA,0,NA,NA,NA,NA,NA,NA,NA,NA,NA,NA,NA,NA,82
"321",20151117,23.9013698630137,1968.15650547945,1.87,NA,NA,NA,NA,NA,NA,NA,0,NA,NA,NA,NA,NA,NA,NA,NA,NA,NA,NA,NA,82
"322",20151118,23.9041095890411,1968.13799863014,1.87,NA,NA,NA,NA,NA,NA,NA,0,NA,NA,NA,NA,NA,NA,NA,NA,NA,NA,NA,NA,82
"323",20151119,23.9068493150685,1968.11949178082,1.87,NA,NA,NA,NA,NA,NA,NA,0,NA,NA,NA,NA,NA,NA,NA,NA,NA,NA,NA,NA,82
"324",20151120,23.9095890410959,1968.10098493151,1.87,NA,NA,NA,NA,NA,NA,NA,0,NA,NA,NA,NA,NA,NA,NA,NA,NA,NA,NA,NA,82
"325",20151121,23.9123287671233,1968.08247808219,1.87,NA,NA,NA,NA,NA,NA,NA,0,NA,NA,NA,NA,NA,NA,NA,NA,NA,NA,NA,NA,82
"326",20151122,23.9150684931507,1968.06397123288,1.87,NA,NA,NA,NA,NA,NA,NA,0,NA,NA,NA,NA,NA,NA,NA,NA,NA,NA,NA,NA,82
"327",20151123,23.9178082191781,1968.04546438356,1.87,NA,NA,NA,NA,NA,NA,NA,0,NA,NA,NA,NA,NA,NA,NA,NA,NA,NA,NA,NA,82
"328",20151124,23.9205479452055,1968.02695753425,1.87,NA,NA,NA,NA,NA,NA,NA,0,NA,NA,NA,NA,NA,NA,NA,NA,NA,NA,NA,NA,82
"329",20151125,23.9232876712329,1968.00845068493,1.87,NA,NA,NA,NA,NA,NA,NA,0,NA,NA,NA,NA,NA,NA,NA,NA,NA,NA,NA,NA,82
"330",20151126,23.9260273972603,1967.98994383562,1.87,NA,NA,NA,NA,NA,NA,NA,0,NA,NA,NA,NA,NA,NA,NA,NA,NA,NA,NA,NA,82
"331",20151127,23.9287671232877,1967.9714369863,1.87,NA,NA,NA,NA,NA,NA,NA,0,NA,NA,NA,NA,NA,NA,NA,NA,NA,NA,NA,NA,82
"332",20151128,23.9315068493151,1967.95293013699,1.87,NA,NA,NA,NA,NA,NA,NA,0,NA,NA,NA,NA,NA,NA,NA,NA,NA,NA,NA,NA,82
"333",20151129,23.9342465753425,1967.93442328767,1.87,NA,NA,NA,NA,NA,NA,NA,0,NA,NA,NA,NA,NA,NA,NA,NA,NA,NA,NA,NA,82
"334",20151130,23.9369863013699,1967.91591643836,1.87,NA,NA,NA,NA,NA,NA,NA,0,NA,NA,NA,NA,NA,NA,NA,NA,NA,NA,NA,NA,82
"335",20151201,23.9397260273973,1967.89740958904,1.87,NA,NA,NA,NA,NA,NA,NA,0,NA,NA,NA,NA,NA,NA,NA,NA,NA,NA,NA,NA,82
"336",20151202,23.9424657534247,1967.87890273973,1.87,NA,NA,NA,NA,NA,NA,NA,0,NA,NA,NA,NA,NA,NA,NA,NA,NA,NA,NA,NA,82
"337",20151203,23.9452054794521,1967.86039589041,1.87,NA,NA,NA,NA,NA,NA,NA,0,NA,NA,NA,NA,NA,NA,NA,NA,NA,NA,NA,NA,82
"338",20151204,23.9479452054795,1967.8418890411,1.87,NA,NA,NA,NA,NA,NA,NA,0,NA,NA,NA,NA,NA,NA,NA,NA,NA,NA,NA,NA,82
"339",20151205,23.9506849315068,1967.82338219178,1.87,NA,NA,NA,NA,NA,NA,NA,0,NA,NA,NA,NA,NA,NA,NA,NA,NA,NA,NA,NA,82
"340",20151206,23.9534246575342,1967.80487534247,1.87,NA,NA,NA,NA,NA,NA,NA,0,NA,NA,NA,NA,NA,NA,NA,NA,NA,NA,NA,NA,82
"341",20151207,23.9561643835616,1967.78636849315,1.87,NA,NA,NA,NA,NA,NA,NA,0,NA,NA,NA,NA,NA,NA,NA,NA,NA,NA,NA,NA,82
"342",20151208,23.958904109589,1967.76786164384,1.87,NA,NA,NA,NA,NA,NA,NA,0,NA,NA,NA,NA,NA,NA,NA,NA,NA,NA,NA,NA,82
"343",20151209,23.9616438356164,1967.74935479452,1.87,NA,NA,NA,NA,NA,NA,NA,0,NA,NA,NA,NA,NA,NA,NA,NA,NA,NA,NA,NA,82
"344",20151210,23.9643835616438,1967.73084794521,1.87,NA,NA,NA,NA,NA,NA,NA,0,NA,NA,NA,NA,NA,NA,NA,NA,NA,NA,NA,NA,82
"345",20151211,23.9671232876712,1967.71234109589,1.87,NA,NA,NA,NA,NA,NA,NA,0,NA,NA,NA,NA,NA,NA,NA,NA,NA,NA,NA,NA,82
"346",20151212,23.9698630136986,1967.69383424658,1.87,NA,NA,NA,NA,NA,NA,NA,0,NA,NA,NA,NA,NA,NA,NA,NA,NA,NA,NA,NA,82
"347",20151213,23.972602739726,1967.67532739726,1.87,NA,NA,NA,NA,NA,NA,NA,0,NA,NA,NA,NA,NA,NA,NA,NA,NA,NA,NA,NA,82
"348",20151214,23.9753424657534,1967.65682054795,1.87,NA,NA,NA,NA,NA,NA,NA,0,NA,NA,NA,NA,NA,NA,NA,NA,NA,NA,NA,NA,82
"349",20151215,23.9780821917808,1967.63831369863,1.87,NA,NA,NA,NA,NA,NA,NA,0,NA,NA,NA,NA,NA,NA,NA,NA,NA,NA,NA,NA,82
"350",20151216,23.9808219178082,1967.61980684932,1.87,NA,NA,NA,NA,NA,NA,NA,0,NA,NA,NA,NA,NA,NA,NA,NA,NA,NA,NA,NA,82
"351",20151217,23.9835616438356,1967.6013,1.87,NA,NA,NA,NA,NA,NA,NA,0,NA,NA,NA,NA,NA,NA,NA,NA,NA,NA,NA,NA,82
"352",20151218,23.986301369863,1967.58279315069,1.87,NA,NA,NA,NA,NA,NA,NA,0,NA,NA,NA,NA,NA,NA,NA,NA,NA,NA,NA,NA,82
"353",20151219,23.9890410958904,1967.56428630137,1.87,NA,NA,NA,NA,NA,NA,NA,0,NA,NA,NA,NA,NA,NA,NA,NA,NA,NA,NA,NA,82
"354",20151220,23.9917808219178,1967.54577945205,1.87,NA,NA,NA,NA,NA,NA,NA,0,NA,NA,NA,NA,NA,NA,NA,NA,NA,NA,NA,NA,82
"355",20151221,23.9945205479452,1967.52727260274,1.87,NA,NA,NA,NA,NA,NA,NA,0,NA,NA,NA,NA,NA,NA,NA,NA,NA,NA,NA,NA,82
"356",20151222,23.9972602739726,1967.50876575342,1.87,NA,NA,NA,NA,NA,NA,NA,0,NA,NA,NA,NA,NA,NA,NA,NA,NA,NA,NA,NA,82
"357",20151223,24,1967.49025890411,1.87,NA,NA,NA,NA,NA,NA,NA,0,NA,NA,NA,NA,NA,NA,NA,NA,NA,NA,NA,NA,82
"358",20151224,24.0027322404372,1967.47175205479,1.87,NA,NA,NA,NA,NA,NA,NA,0,NA,NA,NA,NA,NA,NA,NA,NA,NA,NA,NA,NA,82
"359",20151225,24.0054644808743,1967.45324520548,1.87,NA,NA,NA,NA,NA,NA,NA,0,NA,NA,NA,NA,NA,NA,NA,NA,NA,NA,NA,NA,82
"360",20151226,24.0081967213115,1967.43473835616,1.87,NA,NA,NA,NA,NA,NA,NA,0,NA,NA,NA,NA,NA,NA,NA,NA,NA,NA,NA,NA,82
"361",20151227,24.0109289617486,1967.41623150685,1.87,NA,NA,NA,NA,NA,NA,NA,0,NA,NA,NA,NA,NA,NA,NA,NA,NA,NA,NA,NA,82
"362",20151228,24.0136612021858,1967.39772465753,1.87,NA,NA,NA,NA,NA,NA,NA,0,NA,NA,NA,NA,NA,NA,NA,NA,NA,NA,NA,NA,82
"363",20151229,24.016393442623,1967.37921780822,1.87,NA,NA,NA,NA,NA,NA,NA,0,NA,NA,NA,NA,NA,NA,NA,NA,NA,NA,NA,NA,82
"364",20151230,24.0191256830601,1967.3607109589,1.87,NA,NA,NA,NA,NA,NA,NA,0,NA,NA,NA,NA,NA,NA,NA,NA,NA,NA,NA,NA,82
"365",20151231,24.0218579234973,1967.34220410959,1.87,NA,NA,NA,NA,NA,NA,NA,0,NA,NA,NA,NA,NA,NA,NA,NA,NA,NA,NA,NA,82
